predicted_sell_price,predicted_rent_price,prob_sold_within_5_months
182613.2781000001,724.5796000000006,0.1784134431494253
136315.8912999999,549.0839999999998,0.14706592768676718
323056.07850000006,1272.4736999999993,0.13109962849213364
227694.61240000025,932.0887999999992,0.12278593872675425
231190.0351999997,920.3850999999999,0.19532399917983934
280178.22599999985,1126.911000000001,0.12637741511892342
345358.61460000003,1383.8404999999975,0.13904920968308476
484595.8588999996,1930.7250000000038,0.16488658326883154
234256.03759999975,940.8681000000008,0.1712109439831888
211196.05830000024,845.8867000000001,0.16653890135781912
269442.82140000013,1079.3963999999996,0.1635254875888792
426910.9035000005,1703.7640000000008,0.14687595784607554
327689.4778000001,1302.0488999999989,0.1675057226041854
358916.9970000002,1424.6531000000018,0.1697810704811894
59282.187900000026,238.38669999999988,0.13758530700714544
106793.26719999997,426.39139999999975,0.17725470913744412
284978.7379999995,1135.1417000000015,0.15573175221220859
241420.1240000001,968.0463999999996,0.15711286794838109
200488.22599999997,805.5262000000008,0.14248817347187814
164616.30260000008,663.9601000000007,0.1517152993453078
230928.87390000024,922.0444999999988,0.16405259603889455
67815.43319999994,268.42870000000016,0.18569600097426686
386867.95470000035,1538.8883000000021,0.1544733602168724
285980.9369000001,1133.3927999999999,0.15095129037758392
266488.32570000016,1061.2325999999991,0.15634412066116465
267209.3152999999,1062.5031999999985,0.13973309127087552
395320.39000000025,1584.4748999999983,0.15192330063689186
239805.29879999976,954.1732000000002,0.1680341271250545
257768.7329000002,1030.0313000000008,0.1358044572726228
109647.01260000006,444.45820000000026,0.16239536925602183
235268.24610000013,951.7321000000012,0.13760077943228632
228423.21329999986,914.9657999999991,0.12648632683969863
274588.7766,1094.8004000000003,0.15594931408331625
309126.3018999998,1231.3190000000013,0.1625066722878682
289793.2722999998,1161.3386999999989,0.1805275854041969
278785.8914999998,1124.0173999999988,0.16354459890279305
249662.43319999974,996.0321,0.16333172380668037
353577.9382000002,1425.8737999999994,0.16303948445808036
161392.55770000012,646.5841999999998,0.15937395307220825
310212.8235000004,1243.0777999999984,0.16576037968133372
363617.7548999999,1446.5698999999993,0.1586417798666182
305657.08250000054,1223.7435999999987,0.12939809204866892
354013.98609999986,1412.770199999999,0.15693500655071635
317280.08010000014,1286.6665000000012,0.14739735534782994
139036.45519999997,550.7518000000003,0.14673866602059682
53866.56319999994,214.51550000000006,0.14206578900391598
425804.47739999986,1699.6623000000013,0.15744247149999802
234597.32970000003,947.4036000000008,0.15387928511106808
220486.049,891.6299000000005,0.18003631935538633
117158.30900000001,478.97460000000035,0.16032064181166694
242565.76350000006,966.4936000000007,0.13433197598012203
152061.24949999995,613.1091000000002,0.13341138131297936
183738.37320000012,738.8266999999995,0.17176746693304756
261484.04280000017,1052.2633999999996,0.15269727431656577
367071.59629999986,1467.2746000000009,0.16108202413896255
227116.79810000025,911.6392999999996,0.1604633133312292
68264.69729999997,269.9605000000001,0.15682908377146576
195206.4634999997,783.2850000000003,0.1534658359298091
76541.93770000001,307.3491999999998,0.16603893108200285
63110.40419999995,253.63979999999992,0.19162636388290455
408818.8594999998,1634.365000000001,0.13817400964189597
91786.07529999995,369.2570000000003,0.1465302950777172
64355.517499999914,260.4804999999999,0.18213620594921764
147071.60399999993,596.9889000000001,0.14572464894144266
135365.81879999992,541.0578999999997,0.17182712530623068
294250.74279999983,1187.5747000000006,0.151746514848342
95619.12439999991,380.06309999999996,0.13632573701475414
345604.23409999994,1365.7433000000005,0.17592393872267031
145434.2644000002,584.6810999999993,0.09935156173955817
167127.7988999998,678.8385000000003,0.15805299548490237
304312.26149999985,1197.2503000000006,0.1648487625396412
290427.19570000016,1176.399800000001,0.14279674744589466
283844.3687999999,1139.076599999999,0.15707369321395437
414810.36139999947,1662.7611,0.20292295614673228
420533.5628999995,1685.8544,0.12879996239441016
53625.530900000005,215.18860000000006,0.1626495302456582
298409.22,1194.8868000000007,0.1640640080259611
195697.12199999986,792.2829,0.17363972482375456
95463.44260000004,385.2817999999999,0.16004300792761772
133473.5588,529.3106000000002,0.17548191137534064
111857.57840000013,449.60819999999984,0.17455604656320112
171785.73119999992,692.4020000000004,0.15983384816144053
256585.36119999993,1024.1528000000008,0.17333306288669081
132307.39949999985,529.8916999999992,0.1976920132944635
67945.51419999993,272.7742999999999,0.18141827008995715
266422.0331,1050.4117999999992,0.16673743044542189
220536.62839999996,880.6427999999995,0.16816385862312844
373398.08339999994,1491.2521999999994,0.1341585046935434
244711.42379999987,978.0668999999996,0.15821022230203896
268586.08359999984,1071.867299999999,0.16938447783921007
439907.3256999997,1764.2106999999983,0.149848663718272
400062.57540000026,1587.7393999999974,0.17325019933803976
66006.83129999987,263.7647000000004,0.12481575960968982
357662.65760000004,1436.7236999999984,0.14357260449913656
358738.5482999996,1449.8197999999998,0.16809095178014577
199850.2219999997,810.3434000000002,0.12037347717444413
152219.37679999988,604.3051999999992,0.16872398385846343
87403.94690000005,349.2002000000001,0.15524968392711536
327959.3251000005,1303.959900000001,0.15522881251728526
138257.63549999997,543.8203,0.16486815110229947
51987.933200000014,207.73950000000008,0.17306236953248788
165061.63540000014,654.8063000000004,0.14832001606931555
277872.92849999975,1119.9506000000008,0.16033752863787443
370668.6861999998,1480.1608999999996,0.14974784624437
312202.20709999953,1243.7696999999991,0.1776877223372133
168144.68970000022,671.2026999999995,0.14283328389260208
176962.50599999994,716.4039,0.14339556071631576
204365.40289999996,808.1003999999999,0.17331006916716274
280071.1334999999,1119.2090999999982,0.1665009498825808
85515.15149999993,346.5316000000004,0.1449240002287372
234341.85799999986,948.0170000000002,0.1525597785205699
187720.80849999993,754.4938999999998,0.11559039660884629
100198.64150000003,401.67250000000007,0.16353335668016533
398818.93130000023,1616.9865,0.11629861984897694
405476.89720000024,1625.9682999999975,0.15443784036950292
298094.4890999999,1194.2506000000008,0.1336855063997865
295419.2720000003,1164.913699999999,0.12601919697552855
282553.7499,1137.484000000001,0.15338033666152573
280271.7577999996,1123.5499999999988,0.13043799363092823
311823.2752999997,1244.2729000000013,0.1627474706569586
249664.3840000002,997.8698,0.1533803854376663
93557.90850000005,376.87969999999973,0.16100994526750212
365905.9537000006,1471.7043999999996,0.15539969651562835
162367.8075999999,650.6427000000002,0.17246825367770025
114058.20669999991,459.1373999999994,0.13178816230273593
99717.27539999995,399.2835999999996,0.1590775995027085
123468.58519999984,496.11630000000036,0.14506031262143604
221168.95749999984,881.9958999999991,0.1691472837671587
257338.81269999995,1032.8397000000004,0.15200130673717094
92480.6027000001,369.3491999999998,0.1524927250292174
140975.2638999999,561.5700000000004,0.1587440319047565
253319.5466999998,998.1510000000007,0.1919203321932451
399976.23339999974,1602.8038999999976,0.17092687724396238
356008.42160000064,1438.4264000000019,0.1428375656854165
115482.3718000001,467.6449000000004,0.15440466392464203
64889.5405000001,260.9785999999997,0.14972613720534655
295176.3116999997,1176.4147000000014,0.128245710496252
375491.92860000016,1499.9760000000003,0.15045542829708147
48273.66840000001,194.40209999999988,0.15540878198503238
338086.8202999998,1348.4278000000018,0.1828896104628177
193962.7706999998,772.4736000000003,0.14325408276962515
311991.7450999997,1251.2140999999995,0.17014123575861162
210328.4085999999,853.2076999999999,0.15071154532332054
178739.0608000001,714.4868999999994,0.19721409990750438
195841.62710000025,783.3358999999999,0.16512100199373392
92625.43509999993,373.2710999999997,0.16237724332879244
81401.96020000007,330.4400000000003,0.15234548508575885
263533.58319999976,1046.0879999999988,0.1416018578796252
138069.3424999999,547.9583000000001,0.15442754743971776
223038.73820000025,895.4247000000007,0.12348155339925149
243325.73569999967,972.7774,0.14536023232805684
354948.8747999999,1406.7968999999991,0.15171757724271617
309697.0913000002,1236.3635000000002,0.15537851032742267
114845.1497000001,463.3741000000004,0.1744502787942407
159886.72699999984,641.0647999999997,0.1553772514526236
160335.53359999988,634.2880999999994,0.16247547087940084
292799.40659999975,1176.9198000000015,0.15139481767318808
476457.63439999946,1903.2148000000002,0.15917950544537707
103616.61339999997,414.5906000000003,0.1488759189169686
234241.2429999998,936.9589999999996,0.18265662871049526
386308.9552000001,1546.337399999999,0.16507186953704933
234239.04470000006,943.1745999999996,0.1592048697278513
125839.29609999992,500.9820000000002,0.1732904545018965
389317.0503000002,1546.269999999999,0.14050012183252325
111740.7914000001,445.4815000000004,0.1780315365134466
196143.14620000013,779.1737999999993,0.16014346684584546
355022.14350000006,1414.0573999999986,0.16738286944860292
237448.62809999977,950.2006999999995,0.1497412277220388
385871.2972999998,1563.2295000000001,0.17799482002174005
418148.4748,1672.2710999999974,0.15590041789049314
323615.33870000025,1323.3680999999995,0.14707938193812542
130836.80260000001,520.9048999999999,0.16673174224733323
252439.48549999972,1017.9092000000014,0.11807737056050538
109802.15250000011,435.48380000000026,0.15951240877261463
124363.0342,515.2857999999998,0.12789342551438887
147518.5458999999,588.6252000000001,0.15799160815422053
267426.3246000003,1077.3867000000014,0.1486014093982866
52706.717300000026,210.51879999999994,0.11947016946863387
82257.96190000008,329.98229999999984,0.12862567135670167
174092.94279999996,698.1166000000001,0.15050504810852483
141902.72620000012,567.2528000000002,0.1730533885897262
222096.83590000018,879.9674000000005,0.17386398648698365
256007.6037000001,1022.2917999999992,0.17513143810460163
257722.95500000005,1031.0337999999995,0.14682659189582947
55067.53109999999,220.7329,0.1383637717032008
344599.9043999998,1382.6028000000015,0.14999741223321428
331035.1452999999,1320.0383999999979,0.1576511453051923
152123.89520000017,605.0103000000003,0.1509390866496768
181302.8986000001,720.1129000000004,0.17459347290671434
273629.83640000003,1095.7347000000009,0.14361009660309698
414356.8488,1641.4946000000004,0.18786811992614072
323449.52129999973,1296.3282000000022,0.1623905427407698
165492.79029999988,672.3874000000005,0.14378282693372801
416238.5743000001,1673.431399999999,0.12570780104146873
473337.44259999954,1902.7327999999982,0.16288819662466847
248187.87149999978,986.8445999999994,0.15097382142731364
77911.03660000004,312.8077999999998,0.14720644933725258
366918.20479999995,1471.8251000000016,0.15298199543885815
292118.3938000001,1171.1722000000002,0.1505500797399404
285443.5992000002,1151.286999999999,0.12862447402100796
360287.0227000003,1450.349199999999,0.1502218758286339
124462.51469999999,500.92909999999955,0.14954414952111983
57490.53899999998,231.05049999999986,0.14106842488307736
125847.54080000002,503.12819999999977,0.18518686892548386
184091.03420000005,747.2464000000003,0.13511852292992332
375713.57920000015,1517.4267000000016,0.13367430598840846
184087.22019999984,724.8463000000002,0.16429505211928686
232940.8423000002,931.0888999999992,0.17030797643057105
160776.05710000006,642.9119999999999,0.15887340369575698
442317.5134000003,1767.382899999999,0.15248960604136197
137383.38460000014,549.093,0.1624749357955637
424685.53089999984,1693.7948000000015,0.1549428676303547
268764.8941000001,1075.683400000001,0.13068377639498752
152931.86849999995,617.1746000000009,0.15860426819245577
201794.00210000016,801.6108999999997,0.17288148126910252
258199.55529999975,1024.977300000001,0.11066552852137479
217220.02109999993,868.006599999999,0.13631407989427913
136779.50149999998,548.4335999999994,0.17354136746829973
304982.2849,1221.8933000000004,0.16205199796111536
383406.0290999997,1553.1819999999984,0.13724258134752065
325547.35370000015,1319.0921000000014,0.1174348867952466
140337.62120000008,561.7733000000003,0.11434451208452145
145125.78099999984,584.4415999999995,0.16367363506841293
77836.29560000011,310.1275999999996,0.147416987735707
184450.28619999997,740.9486999999999,0.1433630282774696
266159.9283999997,1068.003,0.1107576891014792
339413.13380000053,1350.4697999999987,0.16282711923076298
248739.20199999996,1001.871400000001,0.1434311719125081
254932.7007000001,1017.1085000000014,0.13383378561620085
140088.09080000006,563.4046000000008,0.14793588551080294
258312.60399999976,1026.5777000000005,0.15308516919765658
217892.03050000005,875.7282999999999,0.15257158291970163
187428.86179999966,753.4006000000005,0.13752479366621007
314187.8366000001,1261.6427000000003,0.17210211800295994
371702.48089999997,1499.701900000001,0.13227727586643778
369766.331,1478.3598000000015,0.1703173382548192
231682.2226,917.1412000000004,0.1693674952927141
61184.68109999999,244.1108,0.16587368069833952
51611.48940000006,206.22659999999996,0.16069945655300022
208720.7266,824.0121999999999,0.17114186418482802
445265.59329999966,1767.1064,0.1867096878634873
98911.68989999987,395.90659999999974,0.1465018926099947
324700.9002999997,1307.348900000001,0.15022912218149287
244240.4701999999,977.9649,0.1551578709023208
310976.43329999986,1252.638999999999,0.13331448052974626
114793.58150000007,458.9519999999996,0.1382751413948322
257562.94120000015,1028.3162,0.17051519137328586
310689.42420000007,1233.6772000000003,0.1380353197015911
91753.59000000005,367.1115000000002,0.1951544992613301
78506.73300000008,310.79890000000034,0.21049862438987232
66572.53589999993,265.3492999999997,0.14472013949033447
100623.85689999996,401.9696000000001,0.17525381053084743
230393.46380000017,917.7770000000004,0.17588006036281
276500.0992000003,1101.0260000000007,0.15755890316332877
255554.10929999992,1031.2616999999998,0.12029857576549852
93574.76730000012,376.0413999999998,0.15362577497354413
48676.95640000002,194.54079999999985,0.16142753350442152
279932.23010000004,1117.783900000002,0.14440107161139681
95095.08769999997,379.6482000000001,0.1556110080573504
140490.53630000007,556.8118999999999,0.17088851403255467
248768.70919999984,999.8039000000001,0.16239790102010565
89010.66389999993,360.7021000000001,0.16011367316484693
243315.42729999986,986.8306,0.15273242651438612
175438.02589999977,705.8234000000004,0.1486210714029932
226691.05459999983,902.3225000000001,0.1474682859117934
92842.53290000003,373.3215000000002,0.13945113508533769
297455.60519999993,1186.9272000000014,0.1526944443003574
86679.6114000001,347.19719999999984,0.16001164838905813
147445.03169999996,585.8721999999997,0.17910847116675122
179533.17649999994,726.9887999999993,0.13417236754742912
128246.16349999998,520.6569000000003,0.15756046141514657
323544.8557,1307.2892999999997,0.11569132845447216
189174.38509999978,756.4730000000002,0.13998666881287392
378402.3144,1508.0631000000017,0.1501348882039618
62346.96980000001,245.2183000000001,0.1719891039607343
349849.4636000001,1420.7322000000006,0.12960292406585383
51132.146200000105,203.95960000000022,0.15268958664948973
105318.74830000005,427.7975000000003,0.1203896010129788
326225.4385000002,1302.7164000000005,0.13498170403159304
69376.8787999999,276.7902000000002,0.1433807534017999
296970.98799999966,1188.3553000000006,0.18518279434249785
176510.98309999992,708.2483999999989,0.13952920331896346
291916.77790000016,1160.841000000001,0.1830273124216537
305230.4602999999,1233.088400000001,0.16055427119090326
389330.22609999985,1544.0071000000023,0.1424556712631695
136708.7102,548.5341000000001,0.15471011800717893
224536.78980000003,888.9920999999988,0.17484117659082532
235473.2537000002,945.5847000000006,0.16267199512216668
262602.8904000001,1052.080700000001,0.16060248773444008
271825.5050000002,1076.7419000000002,0.15664692704780148
359103.9264000003,1440.3023000000003,0.16151016149195052
328445.0522000005,1315.1437999999982,0.1510205794236058
57337.63989999993,229.70209999999975,0.12710765436021831
359020.7332000001,1447.5358000000006,0.1720378389734477
85368.30389999991,340.0118000000002,0.15098633465503863
113614.38809999984,457.84190000000046,0.10881905750154608
297921.74100000015,1184.576399999998,0.15134134305657287
187986.06209999992,765.7684999999999,0.12672500111121832
83046.21690000013,334.13430000000005,0.14819131572728517
236974.34190000023,952.6610999999997,0.14461375483370598
135998.61319999993,545.2479000000006,0.15699038076479732
174489.63610000006,689.7903000000005,0.15179411861695535
164427.24629999997,652.2704999999997,0.16202742998722341
326698.1122999999,1312.6858999999995,0.13552686664390912
95469.09699999989,382.48589999999973,0.15544892654987497
384304.0414999995,1536.2910000000015,0.1754090891510134
56455.31110000001,224.73600000000002,0.17501795900384265
301991.03270000016,1210.0465000000013,0.12544710224023758
167996.3886999999,670.6199999999999,0.15657263981409497
159069.74709999992,634.7313000000004,0.11784145690517911
89599.41179999997,356.32,0.16564878968733887
71014.77049999988,286.4658000000001,0.1807409979733059
53053.561299999965,211.431,0.14453184246739315
167734.44369999983,678.8216999999995,0.1697095901328105
259209.38970000035,1046.9430999999986,0.15507657643624218
68918.18949999998,275.87990000000013,0.12157156534055003
238062.96829999998,956.1897000000005,0.14328107900378384
112056.98019999998,452.1995000000007,0.1299944578117298
184496.80989999988,736.3845000000001,0.16008189230669223
353921.74240000005,1426.8707000000006,0.14226070583424255
268111.0021,1083.5000999999993,0.16759950448381977
156122.40440000006,627.6438999999992,0.1552541047120941
194138.75479999997,789.4608999999999,0.14208088951393028
207804.46979999982,830.8708999999998,0.19922534480248122
377002.0733,1509.6527999999996,0.15743403829036728
338567.32310000045,1358.2659000000006,0.15291211158095974
160079.40480000034,640.7565999999997,0.14676680849902046
288356.0210999999,1160.6771999999987,0.15771320041291015
222344.30980000008,895.4099000000007,0.14490441338059423
371748.1574999997,1468.2671000000005,0.1673723899608236
221529.79539999992,884.2142000000001,0.179952106725498
116381.9879,464.5511000000004,0.17717055718978547
55550.91739999998,222.4006999999999,0.17239804879416232
429906.35680000053,1718.0794999999991,0.15856412993526303
75348.79980000007,302.72700000000003,0.1681366844909864
118840.77899999997,472.1189000000006,0.1908292308620243
112193.42530000006,454.7158999999998,0.16209098164338176
222574.51890000008,906.2690999999992,0.13386827430499104
455989.1445000002,1789.966699999998,0.21216446373455766
287046.25210000016,1131.264100000001,0.14306229364121748
182463.5736000002,729.5643999999999,0.14428294150104715
93060.28700000007,372.3426999999999,0.19256033569794262
299505.71669999993,1227.7827999999997,0.13887409998251066
155038.92340000012,618.9483999999995,0.14445490500129254
197540.00309999997,792.6889000000001,0.14831610451050115
178733.3032000002,710.6313000000013,0.17368897313889264
164690.34039999993,667.1262000000004,0.1335548793712854
297235.2760000004,1178.9021999999986,0.13804087681437105
231403.91569999995,920.2410999999993,0.16561554739951534
379086.6058999995,1520.7480000000003,0.15510680766709029
154107.33079999994,611.5573999999996,0.17666564228605852
148955.96479999996,595.2186,0.1380671499991718
239755.7110000004,950.4679999999996,0.16438417499609081
224408.5305999999,898.4258,0.17205277767013394
79621.62970000002,317.3626000000002,0.18366322252057932
88937.48570000003,358.63740000000047,0.1309541072914192
386753.04270000034,1549.252500000001,0.1694234485703694
54480.38000000009,217.8246999999999,0.14919108490290067
148081.0513,595.9249000000002,0.1502296113577566
62138.48320000003,249.58719999999983,0.15556245755072617
65458.306999999884,262.9638000000004,0.1310529199932634
167310.20440000008,671.5709000000004,0.1361682418591793
282918.6322999998,1118.9238000000016,0.16263663841496356
53714.97839999998,216.80779999999996,0.10870758411622161
254961.4328000003,1020.7656000000011,0.1422488367488841
353697.42689999996,1411.6128999999994,0.1669356361233767
279702.9242999997,1136.3159999999984,0.1594554476777399
187067.35750000004,758.3062000000001,0.131746962344771
251159.0223000003,1017.2056000000011,0.14697144581799293
400933.5793999993,1603.7493000000022,0.1512306865696581
351731.64500000037,1401.7851,0.15692315526550948
62757.83699999992,251.86379999999994,0.14887111664628638
275933.45689999964,1099.6451000000006,0.15712147218894745
98420.94039999988,394.0462999999998,0.13194490011423599
338187.28119999985,1343.6727000000008,0.15238477882682944
473379.50189999933,1891.4447999999986,0.15384674511523655
279538.0328000002,1121.0659,0.16034381494331673
115975.79809999993,467.8440000000001,0.1658400981933973
312914.6779000004,1260.6241000000016,0.1446969437131912
172982.36139999973,694.3115000000004,0.13116195881303683
370181.7598999996,1483.3101000000001,0.18531206895871655
302044.65230000037,1200.8084000000013,0.16611915073775685
139301.40450000003,561.1922000000001,0.13508819360003899
67352.31929999987,269.36650000000014,0.1568640619760614
206181.45419999972,830.8272000000001,0.15430835404322207
71804.06190000009,283.70089999999976,0.16825516585148537
283309.99909999967,1143.9977000000001,0.12146913849004837
153220.73560000007,614.4528000000007,0.13812985764973396
339943.5679999998,1355.7182999999977,0.1364556454132656
169899.8942000002,684.5682999999989,0.14347820825193158
205747.0254999999,826.7125000000009,0.14436670093181458
296799.02980000037,1186.3077000000014,0.15486958725540478
226833.9862000003,910.749099999999,0.19559641367912894
73341.91400000006,293.17779999999965,0.18796857214977858
117958.6635,475.37859999999984,0.1589495858052633
335259.8230000002,1318.9314999999988,0.15734335758834417
220215.30890000018,877.1341999999993,0.1811082006605914
183557.25770000005,732.0085999999994,0.1573495600278807
350471.29649999953,1411.8546000000001,0.1435611073072972
138024.75599999996,552.7276999999996,0.12942145038677977
339220.4343000006,1350.5396000000007,0.1546418575348526
237601.57329999984,953.4690999999996,0.13098909420729565
249748.2635999997,1002.5482000000004,0.1729731159222737
393949.8232999996,1566.6896999999994,0.17228238026608755
301491.1769000002,1187.9368000000018,0.12303498703589966
338829.79029999964,1370.7333000000017,0.17457273040890087
45004.06420000005,180.07650000000027,0.16892216935379545
119006.41170000011,481.6754000000004,0.14260095685855478
219949.7626000001,879.7381000000001,0.14040131815805335
316662.20959999965,1282.0908999999992,0.16089932365247483
90466.66730000007,361.1998999999999,0.15920700400283017
158933.08599999992,632.4659999999998,0.19798389604771327
179896.8451999999,722.1419000000002,0.15157723364622044
257393.7763,1015.3513000000004,0.16794985977227106
184324.7675,739.268799999999,0.152254780136572
237603.4533,936.7332000000004,0.13606222963856773
298259.19360000023,1197.6946000000007,0.15725243152316792
229400.2454999998,918.5907000000008,0.18192114580451368
172900.78749999977,696.5237999999999,0.14951759926140828
55174.760199999924,218.28180000000023,0.14221461020842951
283104.68789999996,1120.482300000001,0.17619884224895932
295589.9160999997,1190.0196000000017,0.1572474195689133
193459.52519999986,778.2670000000002,0.15435899143679355
50790.00620000002,200.13299999999998,0.1802099969468295
320529.4422999996,1278.782000000001,0.16905194984343896
334499.65229999996,1349.4361999999992,0.16393591314401623
156674.12759999977,624.3460999999994,0.1551008311859413
248353.94300000032,993.664500000001,0.15848792883618779
195247.0624999996,795.5033999999994,0.16657089202258268
271504.7651000002,1087.6185000000005,0.1588656083977451
50672.156000000025,204.02130000000005,0.15610715729591285
99805.11439999996,399.0783999999996,0.16766983644147881
84193.10800000005,330.9006,0.1777019746151024
147569.65949999986,594.7578999999993,0.16376523005904142
56313.40269999994,224.62929999999986,0.18433228557341919
304594.44659999985,1221.1820000000005,0.13814655404676945
168319.06230000022,671.7087000000006,0.14084051703032674
218374.3557999998,875.8195999999995,0.126721276400944
360018.7476000003,1426.8978000000009,0.18433629906557003
183880.20519999997,730.7876999999992,0.16643577531315545
445268.7572999998,1781.0483000000015,0.14094164076346227
132937.21109999987,527.8546999999998,0.15672467811004165
326309.15119999956,1298.1513999999995,0.1658903704479926
88161.11629999994,351.4032999999998,0.13614955285066
194784.6931000002,783.0036999999996,0.1540423127824373
135772.1964000001,541.4904000000001,0.14264251039743914
158552.7807000001,635.0804000000006,0.1500008060296959
229096.94879999993,918.5556000000003,0.15842000013152102
322929.8360999996,1287.0029999999992,0.14483142820424832
260764.22809999954,1053.0317999999988,0.15904180214834396
170320.92279999985,682.7963000000004,0.15427209297100453
189542.14700000003,762.3403000000005,0.12388404302364153
475913.4514999997,1896.4951999999978,0.15060504672809105
276038.0681999998,1109.9144000000008,0.13528296393707295
173896.7376000002,697.9636999999996,0.16080372972897605
306041.1217999999,1225.9147000000019,0.14538190322464895
316870.4721000005,1250.1829000000016,0.14813879726329393
66430.9872,265.1544000000001,0.16860159751095194
233709.29229999994,937.5127999999993,0.19968969519735535
101325.01130000001,406.1002000000001,0.17617893301099297
345444.31820000015,1381.6556999999991,0.17156310500803984
135306.83790000007,542.1922999999997,0.13303641354471796
287052.2414000005,1154.6650999999997,0.17551297127718324
589149.7714999993,2343.119499999997,0.18303606890230906
187724.72610000006,746.3841999999999,0.16925590173673632
254165.6079999999,1027.7242999999994,0.14444035819978074
331386.0249000005,1319.9618999999993,0.1400426732157387
466403.6789000002,1870.0735999999993,0.12604256672450032
255744.87789999964,1030.999499999998,0.15450099409789775
141055.14190000005,568.7880000000006,0.1479697356246893
485930.62630000024,1941.3507999999983,0.13396779681707027
187483.91599999994,767.0396000000002,0.156348067584543
115901.5397999999,463.37430000000035,0.15208126247622444
166336.2022000001,665.8695,0.17139088780330147
296291.98669999966,1169.4325999999992,0.16056728451194235
74482.1984000001,302.8397000000001,0.15147167599632205
485603.93549999973,1934.3419999999983,0.16148587841102713
54717.916399999995,218.1501,0.15641784476048015
43482.67730000006,174.31920000000008,0.1536672260130404
194108.52640000015,776.8734999999996,0.15506329065732527
84004.64710000009,337.15200000000027,0.16659042895664755
286974.80240000004,1174.0119000000009,0.13209998002883705
239344.40829999984,968.2325999999985,0.17164355788153685
325252.7799000003,1297.0282000000009,0.17576851165628604
188136.26289999974,753.7936999999988,0.13526939773693492
384783.2263999997,1537.2296999999994,0.1728033906347426
76584.9228000001,306.74440000000027,0.13566084705193504
137768.61719999978,547.6428000000001,0.19198871573442966
249902.54559999984,992.0602999999995,0.14458196826059533
134787.20679999993,538.7192000000002,0.14432122292559812
53285.766299999996,212.52010000000013,0.15592194445709184
112792.05769999986,453.11349999999965,0.14523331051937927
311824.9649999997,1254.3087999999989,0.16341225309119756
153102.717,609.9974000000002,0.1459242288933137
286189.26540000003,1148.7906999999996,0.14682385181611712
281190.02149999986,1126.2409,0.12183689698612987
277002.89920000004,1106.9282000000017,0.1259278672614479
65499.18059999998,265.0674000000001,0.1474802342620002
286861.0469999996,1152.1331999999989,0.14979572417938924
327918.1480000004,1313.6272999999992,0.13382660167363947
296949.8654000003,1182.104900000001,0.17076899311536886
135678.67489999995,539.8302,0.1663530146130976
263622.70149999985,1051.1466999999993,0.15620493482845565
76818.18069999987,307.7906999999996,0.1777678782534876
84622.33520000003,342.06089999999995,0.13400391188424055
220784.32010000024,879.4562999999991,0.10422800455823078
85042.73979999997,339.2855000000004,0.14835136816912364
154545.7625000001,620.7063000000006,0.14681984168110607
350440.87530000036,1398.2634000000007,0.1622160417599966
114894.22380000012,460.9549000000006,0.14426645013118744
189066.05270000023,752.8705999999994,0.16927925920184672
364263.2297999997,1460.8322000000003,0.17288582335025127
120413.21870000007,485.2893999999996,0.14076569900261127
193568.5683999998,776.4935000000006,0.16220510344869432
62248.99379999996,245.03730000000007,0.10926451869053366
114883.00180000003,452.96810000000073,0.16507760542631722
270268.8582999998,1075.0847000000006,0.15188520791566762
242389.34880000024,967.9202000000006,0.13832397478750524
220882.2457000001,879.4216999999994,0.14687702756235088
207232.7937999998,834.6531000000001,0.16547311951121235
309464.0080999997,1248.1570000000008,0.1499875930076311
358777.99419999955,1434.9402000000005,0.1348737401118082
267399.6331000001,1076.5546000000002,0.15415198916596673
178900.09519999978,717.9411,0.14669914367270454
320740.51620000025,1298.7891999999974,0.1472676408353072
281185.55269999965,1113.7862999999993,0.1554195643484525
85029.08020000003,340.2878,0.18768014694064972
173182.62590000004,686.8286,0.1087109943362966
155207.2292999999,625.2943000000007,0.15965506492378678
386015.6854000003,1534.8300999999992,0.1161632666405169
118169.85929999988,470.1993000000008,0.20357006694050528
125936.65079999986,503.97829999999993,0.18941298284017316
90456.12570000003,356.8954000000001,0.18556484817853258
145225.456,579.3028000000005,0.1792060526373659
49811.03980000001,202.90609999999998,0.18001670382366197
319160.255,1277.7089,0.14793725834650961
242596.54630000034,967.3135000000018,0.1512605588268453
193610.55819999988,781.2429,0.15524624125793685
301060.43420000037,1187.5640999999996,0.16142941701572322
313196.38399999955,1248.4377999999983,0.14208942369900912
383642.2529999996,1530.8341,0.13918637742088413
397364.9186000004,1588.0684000000006,0.16295991320913328
163717.55619999993,646.3099000000007,0.19459663825705886
407974.6899,1644.453,0.147430171858563
437863.1354000004,1743.3016000000011,0.14418786325628707
121589.91480000019,482.54539999999963,0.14151084594216778
338688.98350000026,1361.6395000000002,0.15785680662183854
267100.3177999998,1067.4591000000003,0.18300821916149657
375768.44650000014,1508.1786999999981,0.17603739771857685
433488.0508999999,1754.6916999999996,0.131571390281495
176007.79349999985,709.5728000000001,0.13167600379564826
87929.16770000011,350.95109999999994,0.16599519839780863
322913.0530000003,1295.9338000000016,0.1646140760413154
166922.37440000018,670.8419999999994,0.17819872491698407
204533.07069999995,817.0650999999998,0.15701958547354045
82997.67649999996,331.9654000000004,0.1737585939395233
506624.5797999993,2013.444699999998,0.14709532267512881
205685.44950000013,815.4205999999999,0.1131274330614579
268220.94259999995,1054.7752000000003,0.15413757000543882
154428.04539999974,618.2176999999997,0.14263706912759022
222828.36549999993,894.8895000000002,0.1557971521147593
204874.9626999999,822.8563999999996,0.16664815930194987
205512.6251999999,822.7190999999995,0.16654844641643496
144040.40349999993,577.9162000000003,0.1393152462943702
321813.5856000006,1287.6669999999986,0.1298900997386343
141364.8535999998,567.8229000000001,0.17045686176512675
97572.39870000005,387.16020000000003,0.1822626678240541
350794.5231999997,1412.5864,0.13919580003539256
210072.1582,856.5020999999988,0.15467393943847885
185518.427,743.7174999999999,0.10243115935100167
333633.3102,1350.6744,0.154086033845653
154054.88269999987,617.7976999999988,0.1633068047729237
127941.86609999987,511.5246999999995,0.15288291636039975
233536.9520000001,936.5445999999995,0.12325776978160585
366183.96539999946,1465.444,0.18551337383186228
375532.17300000007,1514.4332999999997,0.14989361608908092
187733.6453,755.9689999999998,0.14780142844306754
221919.17649999994,895.1208999999991,0.132297367123014
298027.25799999974,1197.310100000001,0.11853118754225223
415168.7173999995,1658.7009000000014,0.18388577428557018
140645.02200000014,564.4753000000002,0.163411358528181
109136.16740000002,447.5889000000007,0.1525625509826316
256834.87780000016,1034.3030999999994,0.1278840470885042
292693.91980000027,1176.3289000000002,0.15203044691043677
200583.67089999985,793.9065000000014,0.15951587108675958
174172.68619999994,687.0536000000002,0.15820347011901226
178055.29350000006,718.0879000000001,0.11581445577389271
272407.65639999975,1081.671299999999,0.14197933232836502
462568.7755000003,1846.7746000000002,0.14607481931477573
520008.2063,2101.787399999999,0.15691501355437698
297523.7850999998,1193.0573000000022,0.14042415053461266
200581.2171,799.8294000000008,0.14156556071551563
104158.04360000002,418.60989999999947,0.15338335822455973
308325.7503999995,1222.7140999999992,0.17460954786482996
278980.42429999984,1119.225499999999,0.1665986121317452
198168.07269999982,797.8048999999992,0.17726879875071577
128606.37229999992,519.3780000000003,0.15545931899528598
65744.07770000004,259.74229999999994,0.11642477216759384
394054.79330000025,1559.094900000001,0.15748927721036654
192721.07989999984,769.5577999999996,0.11005446846912226
239207.86730000022,964.8594000000008,0.15723823160538897
68046.64589999999,274.0741999999998,0.15385518819783595
108916.44260000014,440.48459999999955,0.12997021323173663
213348.82210000005,841.4818999999992,0.15582247457963982
244195.70460000017,980.3877000000019,0.17162155299062198
144548.34060000005,573.9558999999998,0.16324221954749762
171059.91109999988,679.264300000001,0.18410508115734936
153633.50069999977,619.2223000000007,0.1476578960364392
132205.96200000006,529.2974999999996,0.13888995604898713
206847.95060000024,828.9781999999999,0.16718419003773155
262853.0525999997,1070.196699999999,0.14406002192868805
259055.55020000014,1033.8251999999989,0.1359660224324606
330386.8684999999,1323.1089999999988,0.14517344463622184
238099.96889999992,952.9096,0.1597740100311268
173671.94089999993,686.8377000000002,0.14811338852947087
188668.91620000012,753.4124,0.15613652716744553
259783.66549999962,1040.119499999998,0.13711813725285094
133493.84300000005,540.5296999999998,0.14061602470659584
202460.8104000001,804.280899999999,0.18454342617177366
294937.64699999994,1194.537100000001,0.12903709755909776
206389.12980000014,812.4832999999999,0.16749031103390122
227395.6965000002,910.0738,0.15066002855950078
78631.51650000004,311.16279999999995,0.15593164741211207
226688.65499999982,904.3165000000007,0.15483219903145617
212886.83879999994,853.2959000000006,0.13765088421548743
289144.16089999996,1156.8978999999988,0.16153391636730252
126304.72410000008,501.6036999999999,0.1512825242772724
99306.04400000011,398.06879999999984,0.1539812251726893
201779.20860000004,820.0257000000006,0.1178704403367522
340949.6527000004,1356.6740999999984,0.1726286754315146
53696.003400000016,212.70309999999998,0.1677096931978722
210215.98300000004,838.4516,0.1846487093007967
230416.8431000001,924.8858999999992,0.1673267845871078
414269.16439999995,1667.8083999999994,0.14967195123791466
60847.18280000001,245.15970000000027,0.14018612025441124
80379.5413000001,321.54800000000046,0.16357833001008149
236586.70929999996,946.1471000000006,0.14511129327519667
463614.0543999993,1861.9986000000017,0.16681647765836682
311011.35530000034,1244.689100000001,0.1435543364623978
183735.93039999992,733.6813999999997,0.17510627179330374
165946.86210000026,664.8239999999996,0.18092525373738966
284189.07710000034,1147.655699999998,0.12449827055820861
317310.1162000001,1267.168299999999,0.15360785488962514
162032.96630000003,648.2190000000006,0.17116452690006778
144052.17640000005,584.0738999999996,0.15035830421086605
42511.357299999945,168.10200000000015,0.1803897259150563
172091.51129999995,693.3095000000013,0.13623964343380157
267705.2075,1069.2269999999996,0.1554921899188566
443135.7218999998,1774.786400000001,0.14511830980724205
352852.2825000001,1410.3487000000005,0.15197996419260884
66289.78170000008,264.85999999999984,0.15917206138790074
208572.13880000007,833.0131999999996,0.17765161965582454
102121.4881,406.2059,0.18148106522338192
377583.27230000065,1506.0719999999994,0.15191577363059217
362899.2104999997,1438.9672999999998,0.1560062113439178
114196.43499999987,455.0283000000003,0.1571611627365982
315867.4885000002,1267.995200000001,0.15430053764540286
402185.48490000004,1604.2934000000002,0.1518814949201226
112930.27649999986,447.59490000000034,0.18768406962785222
212685.3961000002,851.3411999999986,0.13545091840760892
228542.94500000012,916.4064000000004,0.18974379172049616
235077.73710000023,944.0638999999981,0.1546509655666628
102457.58149999999,411.0715000000007,0.12831480300476739
134054.58949999986,539.479599999999,0.14761993532838302
361357.8585000001,1436.8106999999998,0.1527328858675162
178502.26269999988,716.1975000000001,0.13470846035312245
197284.74819999989,791.5279999999998,0.175760574610347
284294.56830000045,1134.8343999999981,0.13778691275027632
155159.8826000001,622.6330000000002,0.1535630393566495
162509.86169999995,648.3945000000002,0.12765098462144353
157665.7704999999,628.0629999999996,0.13913661648689712
83301.16230000005,330.31409999999966,0.17002946871317803
163294.51830000005,653.9422,0.18236182481406615
264541.41990000027,1059.3251000000012,0.1410588970304285
321407.21770000027,1292.8914000000018,0.1460574151309949
65989.65910000005,263.57849999999956,0.1484502903384013
223755.3581,892.9420000000002,0.1642432834906582
342583.3513999997,1371.5127,0.15468275363707906
308817.02120000037,1235.7593999999992,0.18238367766902985
142017.02359999984,565.3348000000001,0.16350748480727462
97715.13880000002,390.72540000000004,0.16642760397164225
240745.0793000002,973.7852999999996,0.16970173872921013
61550.27219999997,244.23639999999992,0.1319584494354351
103093.51790000005,417.8567,0.1657269143347303
319294.05139999965,1272.4975,0.13352707066984337
59184.5197,235.5057,0.15007490953441704
330847.74109999987,1323.6837000000003,0.14267495752220682
57429.64469999996,231.34359999999978,0.13371594983539914
419754.94599999965,1678.1608000000008,0.14103775013099307
59015.720899999964,235.41370000000018,0.15680264304363978
292758.6698999999,1181.1369999999995,0.14299653517734434
110499.6328,444.29489999999953,0.15633955116706655
59096.46470000003,236.94550000000035,0.1597191799864136
151640.6445000003,604.9619000000009,0.15359793568824065
272660.72479999985,1091.161399999999,0.13767072370599476
151293.72869999998,603.9653000000001,0.13581304885887868
173158.1767999999,693.251499999999,0.1556156888696899
99375.18760000009,395.69390000000044,0.16322612874073394
229199.3966999997,916.4241999999991,0.15344767399225034
223096.9955999996,894.167599999999,0.1697213928215887
446521.0545,1827.7421999999995,0.15325525300153153
278295.09880000015,1117.9144000000015,0.1600797259657748
83559.59990000012,335.5240999999997,0.12743853613135836
138347.9750999999,555.2430000000005,0.17441877444994336
92547.76419999987,368.80670000000003,0.15269260752070046
171699.07720000003,685.3991000000001,0.14936534396766887
193543.69889999984,760.8829,0.14887052021310687
167920.9328000001,669.0832999999999,0.16822050276179223
427186.73660000006,1698.377000000001,0.11111805900245753
62921.09319999996,250.50159999999994,0.17362984052037878
279059.8600000005,1097.5409999999995,0.15552104091490593
231200.52370000002,929.2615000000011,0.12582014823658794
201846.59219999987,804.9348000000008,0.14147503677879925
168527.98490000016,675.4672000000006,0.17090766830608972
256992.3753999999,1022.344299999999,0.15595080209958756
285285.67059999984,1166.3177999999996,0.14548901333699815
201295.31450000007,810.0918999999993,0.13519871963103525
82778.46190000005,329.75070000000045,0.15850922225030506
110214.6180000001,443.9363000000002,0.15467252695034195
97022.96969999996,389.3181000000001,0.15058366241105858
162689.40000000008,650.3550999999999,0.141979973044971
153411.18649999995,612.418300000001,0.16344849537890627
294870.86100000003,1179.798700000001,0.16065169643698052
268812.04650000023,1081.1299000000013,0.12472322416682946
115396.87290000003,466.68029999999993,0.15298969540138796
58033.16440000008,231.31080000000009,0.16543978810191795
342501.3733,1369.0944999999992,0.13591187175395236
108653.37490000013,438.5741999999994,0.14621164301896716
136846.0066000001,553.4543000000006,0.16061480241677673
125567.94339999995,506.7808999999999,0.14406531963347402
341188.70049999945,1346.489300000001,0.173417084612411
148960.58270000026,596.4395000000007,0.16882612158310006
148306.37,594.3496000000006,0.16824997904677674
238495.1005999997,948.9297000000005,0.14085984492668635
168008.01710000023,672.0863999999998,0.17734724393814105
333768.3972999996,1333.2135999999987,0.16921688466785534
257469.3245000001,1029.5696000000003,0.17764600458080615
143628.0415000002,583.8481999999992,0.12452454277339864
87248.24139999997,348.9545000000003,0.17572385397319656
285618.3433000001,1160.6411999999993,0.10859511435729297
60048.62829999994,241.40890000000024,0.13597991682304955
227934.2452,908.2545000000017,0.14786366683160768
262819.4078000002,1049.9298000000013,0.15334692609434875
99732.64020000005,395.92130000000003,0.14514831363807068
149455.25159999987,593.9240999999994,0.1713634576780111
77464.56030000004,306.1206,0.19262268706182328
288833.1577000004,1158.1214999999988,0.13313311114660642
105639.90689999996,427.6629000000002,0.13972026787472458
406178.38769999996,1624.1430000000005,0.15575003119536868
57001.639199999954,225.61740000000017,0.15434304664077358
222106.97149999999,889.8085999999993,0.12876088800698227
124169.8508000002,496.10659999999984,0.14459930905179763
288539.4529000002,1139.5503999999999,0.15722914764040186
317867.8774999996,1267.990800000002,0.1456585905999016
96984.10489999998,381.3174000000001,0.18836155716738068
118777.95490000007,474.5081999999997,0.15918866349070093
229790.64329999994,916.5371999999998,0.15775716763163172
189549.15249999988,752.4405000000002,0.12515300552145703
107292.52549999997,426.07559999999967,0.1628091792828451
271883.15860000014,1089.212999999999,0.14836182852816615
219633.98849999995,877.7305000000001,0.1245596618809367
125036.2668999999,505.12120000000044,0.16316726351551747
160237.77649999998,634.7791999999996,0.1772099433131531
97668.3643000001,388.93399999999974,0.15042261679101931
242531.16709999996,962.4936999999995,0.18009770370661626
83910.19520000009,338.16460000000006,0.13921235729961834
247668.76720000035,990.9923999999991,0.1462038793618814
362129.5355,1473.5186999999999,0.1597634733396025
132430.3166,531.0503000000004,0.1592213314528801
242872.25189999983,969.1527000000003,0.17919908480196345
275520.32620000007,1100.5895,0.13220344597897327
141603.0656000001,554.1673000000006,0.11701893911885108
189916.25359999976,766.3428000000001,0.18056614833229234
189667.20889999985,756.1031999999999,0.1507676181428913
231918.84470000016,928.1058000000003,0.11803474959437277
163548.1204999999,658.2366000000012,0.12875130586203232
335219.2561999998,1334.4719000000018,0.18218747347053788
134371.02760000003,539.7659000000002,0.15195767686747286
258534.09200000015,1043.5146999999988,0.14977915702782907
304660.42659999983,1217.1118000000013,0.1635151846520535
134836.978,540.3298,0.1502477497998168
291180.65809999977,1167.0245999999997,0.13923921394282035
163003.67519999997,663.9032,0.15286862669253165
283716.26340000005,1133.1692,0.13801566569842394
358252.08529999957,1438.7252999999996,0.13727551483549505
63724.830899999986,252.70120000000006,0.18640205211398642
64612.08489999992,259.3825000000002,0.15558482534316975
124354.32290000007,494.5884000000002,0.14917291834880464
63227.415699999925,252.32620000000026,0.17968764126863002
118944.26029999985,478.7608000000007,0.13772646058806892
90476.00439999993,363.5302999999995,0.146121829561503
307257.29290000035,1226.2963999999988,0.12247059413859929
248810.80269999997,987.6106000000003,0.1493532970865169
271313.9518999998,1081.8596000000007,0.13428758707782407
253152.16179999997,1010.3613000000008,0.1322820870495346
222234.2306000001,890.7538000000003,0.17058223520945304
406673.4214999998,1614.6248,0.17910162316262934
295726.47620000003,1187.9054000000006,0.15923023828706684
248017.9042000001,989.1503999999991,0.16355227909760173
174825.61250000025,700.2430000000003,0.15986304604654855
189621.52059999996,762.2464000000001,0.16240021718337871
250747.05399999995,1015.974000000001,0.15465560751281504
102856.28079999998,415.2009999999999,0.16360785728811744
88335.06010000013,353.3591,0.1755802075291385
319109.32750000054,1273.810600000001,0.1473376620652873
244707.74020000038,978.6851000000008,0.14110060211015074
178242.0651,711.3237000000003,0.14840619978527625
413849.686,1665.7677999999976,0.1329234731213611
126075.9526,503.52730000000025,0.16896502837955907
168446.3687000001,666.1741999999992,0.1467976338690442
182454.16630000007,730.4317000000001,0.15378700014065882
180943.45729999992,724.4264000000002,0.15828862569012359
160211.2611999999,642.5054999999992,0.16002193513907947
384578.242,1532.9708000000019,0.14294861654248625
338897.8814999999,1367.7634999999998,0.15707017482531183
191596.0713999999,776.849000000001,0.16562564987660422
170696.59140000012,683.0359999999997,0.14527202978403986
181221.1738999999,726.309700000001,0.18467743581067875
305417.40019999986,1219.1803999999988,0.15051611093626105
323417.11150000023,1297.2012999999984,0.15988748652979345
177278.02740000002,701.0433,0.15586570236254582
298155.85249999986,1195.764400000001,0.17144175111295
322957.9143999998,1299.1315999999983,0.13985015721843497
325889.1951999998,1322.9148000000005,0.15406900691148928
179394.10389999996,715.5718999999999,0.1484166747342055
485210.80620000034,1934.3729999999987,0.14911237129959065
353876.4156000001,1423.3431999999998,0.16085007041623012
310071.0980999997,1246.3145999999986,0.17687216892428714
207146.4576999998,826.8245000000004,0.14962008913250713
372598.92919999996,1508.2958,0.16480946686693787
323692.2165,1302.201200000001,0.1444882282480009
231324.8638000001,927.068300000001,0.1531152548473501
376470.1186999999,1511.4500999999975,0.15691135448212923
323352.00449999986,1291.5219999999993,0.1725461728159815
120765.5463,481.0687999999994,0.15247575961819804
319426.3273000004,1284.159499999999,0.170017276752379
259463.14120000007,1039.5121000000001,0.12768042593402595
198136.30289999998,791.1270000000009,0.17765710924140632
137028.2689999998,556.2385000000004,0.15331320699359874
280916.17669999995,1108.2261999999987,0.15755034847214
400106.6290999995,1581.6924000000013,0.17531546703280398
79579.27360000009,315.47669999999977,0.1590076535660464
373635.44280000014,1481.6224000000002,0.16455841547548578
115737.29240000002,462.43559999999985,0.1738761587256361
230351.44100000005,916.4750999999998,0.18143614477887537
293083.51369999966,1158.388600000001,0.1731225003037894
154551.15190000023,620.0870000000003,0.18191923165021773
341101.7693,1372.1479000000004,0.09555071306954377
155016.73750000022,618.6972000000006,0.15164398500726683
274623.3399999997,1106.2873000000013,0.1736397852390812
286837.22259999963,1150.6557999999995,0.1620307332631592
199368.72290000023,797.7092000000001,0.14133427270617271
428856.4235000001,1719.2134000000017,0.15791951246773273
50876.90600000006,203.66049999999987,0.17128683224820707
322512.60490000027,1277.479500000002,0.18065252857064984
108366.36350000005,423.5863999999996,0.1622244983480038
317575.3349000003,1273.0532999999987,0.1576967312192603
394698.0054000004,1567.8894,0.1484894477607669
123018.0118,494.1764999999999,0.14504421001051193
137599.20149999988,544.9498999999995,0.14985866441019247
211465.4006000002,843.8731999999997,0.14578615690149577
204773.88290000006,811.0722000000006,0.15518605885759962
75349.39029999996,300.16900000000015,0.1460872869051636
128843.43599999983,516.0142000000005,0.19943561386081066
186401.5821999997,742.2728999999996,0.1564155101801541
253836.95599999998,1018.8917000000005,0.15878811675619853
339246.5574000004,1358.213600000001,0.15188283009353976
159642.48069999972,635.625100000001,0.16812997587947642
205392.79140000005,829.9219000000005,0.12263888903752784
103433.61030000009,414.2974000000002,0.16989282446741594
165080.38159999985,654.6929000000003,0.1677004227506449
156878.16000000006,626.0503000000006,0.14527579665547952
313678.3881000002,1255.6944999999985,0.15926389869002244
177283.4552999998,717.591700000001,0.14702040952814488
99350.77689999995,401.10350000000005,0.14987874990317962
195105.7665,784.8155,0.11609401940294317
206234.10590000026,827.9005999999994,0.17437396907383862
226983.47819999978,907.4251000000007,0.14096588245414865
240015.7243000003,952.5225000000006,0.15931633069887607
90184.40029999994,361.0883000000006,0.15929027328957768
205448.10729999986,823.9376000000007,0.17591418278145043
176543.83689999982,713.6881000000003,0.16369384823507926
169540.05889999995,674.7340000000007,0.15578042823416816
98138.25860000003,395.5722999999998,0.1438082130598688
147412.8114000001,587.3833000000003,0.1394915722731107
226630.4909,891.2792,0.15513507065548615
165962.65259999988,665.5509000000004,0.1878750974936142
200179.2674000001,802.6544999999985,0.15427421708491862
163651.93349999998,654.6096000000002,0.16596437682114862
178931.1558999999,724.7448999999996,0.14956973546257846
335274.2819000002,1329.7126,0.10138165407632072
266640.8852000002,1078.8058000000012,0.13872800130042184
121713.47390000008,486.4095999999997,0.10566489085557662
164737.971,668.4632000000003,0.15029857118723144
181650.26879999985,729.8513000000002,0.16626340835930842
174137.49930000008,693.6727000000006,0.13053918304643408
141321.0555999999,559.6496999999997,0.17312523784535194
203869.66749999963,821.2456000000005,0.16097134522694978
292670.5511000001,1166.8462000000002,0.12638036189206014
152627.52750000014,611.9488000000006,0.15277002273743956
168866.5066000001,658.5293000000004,0.16971566555055695
200813.68120000008,787.2467999999999,0.14859622656560756
118385.17230000014,476.2347999999999,0.15915176804255948
328820.5622999999,1315.0894000000005,0.15555540023350822
316945.1556000003,1276.5773000000008,0.146687527442803
89396.96480000002,360.4499999999997,0.1212168963694108
258650.65619999982,1030.3216000000004,0.17042362855989202
184150.22799999962,735.6853000000006,0.16407670965924404
289308.4684,1154.2132999999997,0.15065930168076347
302627.60400000017,1210.3086000000008,0.1675822351884363
56278.89810000008,225.83010000000024,0.15241264048091474
314879.3854999997,1261.2437,0.15747059648150963
209279.8834999997,833.350700000001,0.13567856306071013
54694.85689999997,217.3699000000001,0.1634412289747349
201880.9239999998,816.1371000000003,0.17394836692638316
215458.94290000005,873.5682999999999,0.186091019367716
367279.60869999975,1466.5920000000008,0.17501780637029407
214954.31680000006,867.2756000000004,0.1470356840850704
242778.5883000002,984.0605000000005,0.13725423279616067
394935.50610000006,1574.3255000000008,0.15984056442999095
215988.73530000012,869.8629000000006,0.17128218667366968
70911.82120000003,283.97190000000023,0.16518716042347026
220606.25840000005,870.0400999999995,0.17215720119964228
175845.84760000024,715.8148999999999,0.13231948060876098
208611.23290000018,833.2733999999996,0.15474039250038707
171856.1457000002,687.4770000000003,0.1766774144090688
177102.08820000003,707.0302,0.13997732456977574
132966.94439999992,543.2771000000007,0.14418456585980233
278018.0565000004,1109.7142,0.16590197600022438
84364.73500000007,338.86510000000055,0.16077573873659678
88524.5909000001,354.6654000000003,0.1490381479467544
357153.5683000002,1442.6574999999978,0.11883010599984001
253616.9917000004,1012.8724000000011,0.13491255177881956
359643.51379999996,1432.2856999999997,0.13012483413330378
159867.2630000001,640.8357999999994,0.14084847019229796
251086.85589999973,1002.3321000000003,0.1440157852821885
342524.68110000016,1363.538100000001,0.13850137520913475
192380.16800000012,763.8185999999998,0.18357750178975896
107228.1185999999,430.4364000000003,0.13548154756316177
80200.13129999995,321.1939999999998,0.14399389992717182
264583.41120000026,1053.897699999999,0.15662353627921266
138777.5127999999,557.7874999999999,0.10380205042353641
303742.5467,1204.612600000001,0.16972977624146146
391459.5640999999,1560.268600000001,0.17339774229538307
212474.22390000004,860.7986000000002,0.165055008836692
164388.2392000003,651.5529000000008,0.1436378036002942
122923.69670000016,491.9687000000003,0.1415634911447473
312445.60540000006,1256.3548000000003,0.15767954973937126
327567.59940000006,1315.8093000000006,0.15360743114611353
142818.31490000003,569.3016,0.14267105665182334
213741.67310000016,853.725399999999,0.10513357462545514
64202.75350000005,259.49969999999985,0.13228447887139438
113565.69790000001,451.19500000000005,0.1404671117403008
174428.9166,694.5603999999998,0.1541168138440634
175960.5757999999,706.1913,0.17476508797282564
165290.20269999976,664.5949999999991,0.16634106972459128
229951.99170000016,940.2421000000008,0.15472436118836397
284097.1050000002,1156.6979999999992,0.1495834630073446
140675.16340000022,565.6299000000007,0.13367642936095603
397559.87259999977,1594.4425999999987,0.1405485962854064
244484.04340000023,989.0754000000002,0.12997695014147925
66566.53689999992,269.6147,0.1494241068117782
173966.64289999995,697.8275000000011,0.15067848433715136
247825.2429999998,996.4302000000014,0.15168015551302205
225237.47689999995,905.221,0.1637013556483875
130641.48270000005,522.6979000000007,0.1402026374627463
188835.6825,756.1956999999996,0.16907206495133487
87941.95900000002,348.1643000000003,0.1836669809889231
344747.96709999995,1365.5115999999998,0.20052531293776465
136696.35180000006,546.5084000000002,0.13495383833652264
134831.29299999998,541.7012000000004,0.1652018398140802
112821.66820000015,449.1635000000001,0.1360539359905969
218907.27090000027,861.2734000000007,0.18736558705948103
474758.4214999993,1900.1374999999994,0.15061740955720215
317193.89629999973,1271.7976000000003,0.17325072947671272
204280.8807,817.8828999999996,0.1742721574687368
202233.79880000025,806.4440000000002,0.15613659213548647
61934.35149999994,247.7012999999998,0.11453602807196028
187137.14800000007,741.8569999999986,0.17104759168293004
301410.8553999999,1224.5855000000004,0.15173610488721823
305685.1103000002,1217.066199999999,0.14439728652538641
344647.8826000004,1372.1436999999999,0.15528715957586214
300802.6995000003,1207.1681999999983,0.17682014570514581
251047.8884999997,1015.8627000000004,0.1455363956813981
144528.92870000028,580.2635000000002,0.14084440255366104
300005.0466999999,1202.1289000000006,0.1295868745362181
281964.9350999999,1124.5691,0.16792782012074103
411341.1247999996,1650.749300000001,0.13896244422886705
217965.29249999978,876.0826999999996,0.1660955570642838
318790.38580000005,1263.0871999999997,0.15873983991948282
166968.74820000018,668.8296000000004,0.1762694220839015
149226.41000000012,590.2809000000009,0.1740306435046841
423407.1178999996,1698.346899999998,0.15487219640440242
62547.80879999996,251.05700000000041,0.18632101409085444
308622.5745999999,1228.8015999999986,0.13979676867096313
240648.95209999985,969.1240999999992,0.13755369379889315
100906.45499999989,405.43199999999985,0.15764771098614927
210778.9364,839.6205000000008,0.12624310737131028
238373.25309999989,947.1244000000002,0.16752120255593683
175994.08929999996,706.5002000000001,0.15462170331388636
255683.66549999986,1012.8704999999998,0.1498844299679415
219034.0472999999,875.6219000000004,0.1499104868911446
305034.97139999986,1218.4005000000013,0.15261222323373524
151875.9828999999,607.7215000000003,0.16264301374807877
309612.1553999998,1231.372800000002,0.1474962811393279
361696.35769999976,1443.2386999999985,0.1893651108924248
169590.04709999985,681.3429999999996,0.1390802841663229
307406.53939999995,1233.9042,0.1478821684135435
227972.80139999988,907.1645999999997,0.1259267643833326
117873.70650000003,467.18059999999997,0.1445133005487811
89993.18509999997,361.8964000000002,0.13303723715460203
199455.41100000017,797.5629000000001,0.13934493307571783
214218.3750999997,865.3567000000003,0.1595989429738165
108500.97529999992,435.2182999999997,0.13498481040940447
221924.0616999999,884.8121999999994,0.13490152209032968
318982.8361999995,1268.7886000000012,0.14095574100712926
174179.1807000003,704.3008000000008,0.16039144765840463
116657.97999999997,463.7893000000002,0.12583342855244994
71810.70809999997,287.6217000000001,0.18293061413261302
146767.7720999998,587.8840999999996,0.14640509470112495
235334.30219999977,928.3979999999997,0.18375971488066956
125425.56259999992,495.17659999999995,0.13740201660789342
197533.4461999999,792.8735000000001,0.15511768917101076
49491.68650000001,198.7919000000004,0.17462227431444166
235905.2672,936.6228000000001,0.14593787425354576
303861.02600000036,1209.956999999998,0.15230026297597898
156785.8237999998,631.4405000000011,0.17059190297346682
349843.77850000025,1399.9257000000007,0.15068481141697576
205014.265,808.7838999999999,0.14612736830332307
195223.236,780.1587000000006,0.17081589915271456
280804.8382000004,1145.2270999999992,0.13178128590194205
203548.1341999999,810.9446000000003,0.17069307139123258
334324.3947999997,1323.5052000000005,0.17597680363637824
329206.4883000002,1310.7740999999996,0.15212929125228913
260558.84159999996,1048.5449000000012,0.14841025564845345
354541.82519999973,1416.1022999999998,0.17101608821359526
136519.32279999997,545.9523999999997,0.14151445895913395
292023.3803999998,1180.0861000000007,0.16655579019065847
80833.22550000006,323.8515999999996,0.16525506907108523
299931.08109999995,1192.5159000000015,0.15959732308748154
279950.3497000003,1136.3696000000004,0.13672043969520842
64321.60889999992,249.2812,0.16408371683137712
159296.4845,638.0337,0.14821983172856068
283607.0748,1135.722000000001,0.1579735051489115
287158.6856000001,1121.5139000000013,0.17402301494634054
192196.44600000008,767.5804000000006,0.1669479851992487
412857.05379999994,1642.7227999999993,0.14915500042016672
218065.11920000004,890.9628999999998,0.12543224486225846
246250.19039999964,981.2823000000016,0.14152314768415875
109305.29600000002,439.5923999999998,0.1603013212394473
73396.04460000005,294.5141000000001,0.17060889114129096
280551.23129999987,1117.9480000000012,0.18002246877913441
421190.9092000004,1682.5947999999996,0.161213010567542
219101.0823999998,873.283800000001,0.14567878240916032
301877.3802000005,1198.121799999998,0.20528460444419616
280758.90800000005,1112.4609000000016,0.15141283966820163
271634.1694000002,1095.8205999999993,0.1305022008387513
380580.98239999986,1504.6230000000005,0.18953770122045144
75135.1085000001,300.0754999999995,0.1505015324259309
296016.18979999993,1187.927199999999,0.1279367049810619
70755.48269999993,278.6105000000004,0.1749366141374018
132905.76720000015,531.2186,0.14963495888418177
142101.88619999978,571.1366999999992,0.152253490204031
99581.16290000001,401.92269999999985,0.14571193248551528
169953.41900000014,680.4530999999989,0.12067815915504476
234243.561,935.8599999999996,0.15311457484231084
304487.79640000034,1230.595600000002,0.11252541120601212
217467.53289999987,865.9167000000009,0.15133435316148747
79802.68399999998,321.5245999999999,0.15600782719130968
56150.52250000006,224.9461000000001,0.1733022749859684
388137.06330000004,1554.8819000000012,0.14181717352061596
470999.8141,1853.8090999999993,0.17280615470019256
275684.63639999996,1110.303500000001,0.1462875763589495
345953.7356999998,1389.4245999999991,0.1773611862018567
101868.1438,411.70029999999946,0.13782350310330138
62583.464599999934,249.6956,0.14778521737367079
147892.95299999975,594.2649000000002,0.1601143338077773
72339.24739999998,288.35830000000044,0.1677359758400343
137464.10419999983,548.3358999999996,0.1631855945745867
178560.1449,714.2732000000008,0.16992108808151118
217742.62289999996,874.7121000000008,0.1522119246908762
233296.05000000025,928.0425999999998,0.1465182223118462
276784.8734000004,1105.8335999999986,0.11346674081306696
191708.07130000024,773.0109000000001,0.13658494482241246
330821.3598000001,1323.3275000000015,0.13769736076646333
157120.39970000004,631.9416999999997,0.1503110633894652
71030.64580000004,284.97270000000003,0.18421461927714933
223715.94969999985,890.4615000000001,0.12879189875139885
89278.6757,359.21369999999996,0.162128767849961
244363.4362,978.8995000000004,0.17068865217595397
92649.41370000003,369.3316999999996,0.18422870828423754
69502.04749999997,280.29880000000014,0.1673173160456901
249476.7880999998,992.7787000000006,0.17278482830291486
258880.07620000027,1049.5205000000003,0.1434775131159357
391993.0764,1576.4574999999986,0.17301812194252186
115686.90710000004,464.64669999999967,0.14499754611357718
302375.56670000026,1216.7765999999986,0.15558182112829932
385241.9952999998,1538.6087999999972,0.17145445212480503
291838.16849999985,1171.2984999999999,0.16110364036330382
97443.06329999992,391.11369999999954,0.18443520447620176
97747.84519999998,391.54980000000023,0.17170803469917328
396273.0343999998,1554.6832000000004,0.2276011365990538
295284.49579999974,1159.4318,0.161470124870975
363010.21799999976,1434.6287000000004,0.1779595664929985
92997.1818000001,373.9132999999999,0.1629785080856967
70736.18610000008,285.36169999999987,0.135723542697902
273893.55960000044,1077.9848999999997,0.13063687387818657
96859.75319999996,386.2879999999997,0.173662034116443
70098.44519999997,280.0054999999997,0.15979795982202583
229936.4705999999,925.2161999999996,0.15176340275959932
267394.7252,1062.9089000000017,0.15057703419945312
130184.70929999989,525.7825000000001,0.1528990112214682
105418.14660000011,421.2167999999999,0.17334009996886945
356559.2486999999,1441.1904000000006,0.15344629875104698
124731.64119999988,502.12079999999975,0.16611579183691094
67283.0926,269.70760000000007,0.16199214214389135
276056.71569999994,1092.3817999999992,0.11991347087576398
216375.17890000006,866.2175000000011,0.1598676871803424
98937.08029999991,388.64770000000004,0.19233094436956955
299650.66930000024,1198.459100000001,0.14618323395931976
114707.23540000008,453.3758999999996,0.15705493741158294
204485.7060000002,821.4684000000011,0.14817567393368902
291013.1550999999,1159.8944000000004,0.14177444428587083
220908.74659999975,893.5843999999993,0.16659415620188633
463538.7580000006,1843.7348999999986,0.15211911136693712
306681.38060000027,1235.571500000001,0.14597796016588738
340370.05860000034,1351.2544000000003,0.16193263464956376
190244.66149999975,764.0520000000004,0.1531935312218322
97781.43589999997,391.4719000000001,0.18236269551786943
347325.1952000004,1396.4484,0.14298583240813556
182997.4972999998,731.0221999999993,0.1573425613290962
292931.4320000006,1175.4229000000007,0.1533503190187887
136248.78270000004,542.0630999999993,0.1166004156828
120731.91020000003,489.7052,0.16219486300585795
326416.9247000004,1299.596599999998,0.1444813035987056
91118.85579999987,366.99919999999986,0.14485684669101828
63524.339399999946,254.44830000000002,0.14977295235825883
292961.5520999999,1159.0932000000005,0.15100399351430438
126456.5049999998,506.3796000000005,0.14280675749828953
232606.1711000001,938.6633999999999,0.1593762510056903
288637.6198000001,1136.6554000000006,0.13949128647886622
80675.54190000005,320.87389999999976,0.21239830852870367
79721.2345999999,316.0094000000001,0.15855320034504894
337803.35219999956,1353.3517999999995,0.1518875262572731
373119.015,1499.773299999999,0.13193793135932042
191932.29269999996,772.4208999999995,0.1458990241623378
267707.69210000016,1071.7934000000016,0.15251072984139424
160902.30989999976,646.920900000001,0.14352123851746257
209633.6368,843.2717000000005,0.10673199680744483
85910.46059999992,341.80320000000006,0.17574222071145817
303473.7019999998,1210.860700000001,0.16038943815009477
324968.5175999999,1304.3310999999999,0.14663565598068384
373933.4573000002,1498.5782999999992,0.15610023062282052
354299.39059999987,1410.7651,0.17126009640257622
105223.88830000015,419.8454000000004,0.14292383177836576
63938.86529999999,260.3398000000001,0.1447715207809197
341571.8561999995,1372.1103999999998,0.14900755035286728
77223.36619999993,314.11050000000006,0.1451995782276434
66894.9828,268.0462999999999,0.15851060164710806
260826.4737999999,1051.172699999999,0.1336010558749815
250677.01740000007,993.8108999999995,0.14476033239678388
249978.10409999985,996.3920999999989,0.11610020936119869
300651.5219000003,1217.9751999999999,0.12385473806787939
341408.0487999999,1367.3888000000013,0.17329652187783529
144506.45450000017,579.5671000000001,0.1541639481583701
254522.49459999974,1016.379099999999,0.16764107920263982
221434.06319999974,885.1690999999993,0.15731685694057895
489691.7992999999,1950.610299999999,0.14255937825773846
453741.6646000003,1814.1357,0.15414808010251835
390441.9276,1570.3099999999984,0.11338442214230393
342282.0175000001,1358.4461000000008,0.17668790330961526
81430.35429999992,322.58689999999973,0.14127176090340154
262922.4659000002,1073.4402000000002,0.12950369207776014
419416.28399999975,1676.5487999999998,0.15798758984380246
115978.64430000003,464.49799999999965,0.17556040365702508
255704.50239999994,1018.5284999999999,0.1663533866822937
365563.9289000006,1474.9492000000005,0.14488636754099293
328092.7934999996,1321.1684000000014,0.14772615583602322
303487.4008000001,1222.0316000000003,0.14538770542957014
292654.0218,1154.730900000001,0.1382265739846521
69807.21049999993,275.5900999999999,0.14711364228969803
264800.16720000026,1049.4053000000017,0.12696567896318067
336422.5043000004,1348.9540999999983,0.15101843817335747
203531.2664999999,817.4935000000008,0.15132165940356213
187337.97819999992,747.2291000000008,0.14576936751356684
285721.8697000002,1162.6816000000017,0.13144907823564322
231680.24799999985,926.200300000001,0.15659424940771938
301944.32570000034,1212.3093000000006,0.1643178626601205
88373.52470000007,357.03039999999993,0.1734067450125708
225906.5563000001,915.2026999999995,0.16325093670717028
148804.07249999986,599.0540000000002,0.1505679720434292
187531.4384999999,743.6919000000003,0.18536129318610106
74915.1713000001,303.66450000000043,0.1395122430520066
311207.0038000002,1249.8656999999996,0.15648658695363116
373106.4019999996,1486.8888999999992,0.17778732433451494
182539.69689999984,715.1215999999996,0.1477559857025863
278507.73750000005,1107.1488000000013,0.13793862442484317
111549.84140000015,448.8331999999993,0.16032305968857463
321432.92750000017,1299.4041999999984,0.15008400976676395
193330.88970000026,776.3348000000001,0.1719224516971991
141684.50140000015,566.8174999999995,0.14488663004268543
121657.54390000014,496.08639999999986,0.15571389291056403
116345.09350000008,462.50610000000023,0.16481242433891574
336346.54489999975,1345.7060999999987,0.14375076107020235
103332.06670000007,411.1060999999995,0.13446346766182216
67316.00129999993,270.54480000000035,0.1320375911691768
130376.84779999986,522.6395999999995,0.15972890711782584
236981.1103000002,961.6513999999987,0.1321956197002364
97250.31389999996,387.8648000000001,0.1665453233162818
299551.61680000025,1189.0322999999987,0.18293365344820112
102272.48450000011,406.0162000000001,0.15808500357266353
170949.8246999999,692.4641999999997,0.1502264697771878
110783.15859999998,446.8440999999999,0.1585126946519706
60499.11130000001,245.0934999999998,0.1499805249324364
277418.62510000006,1110.7438999999988,0.16290788438133463
174854.87459999978,706.3064999999991,0.16355752746384078
218525.1049999997,876.9824000000012,0.11081065042847682
318934.3857000002,1289.040099999999,0.14966576778682694
391575.70890000014,1570.5551999999996,0.13065762576149986
121803.87710000004,486.8403000000001,0.17519766836369943
322594.47219999944,1282.8343000000013,0.18778519180468556
202631.82769999997,811.8379000000001,0.13371789668864498
86682.6131,344.5243999999999,0.1596801155121932
67385.93470000001,271.0529999999997,0.16460559684046372
93676.42639999994,378.00179999999983,0.17150861105142656
161429.72120000015,648.4996000000006,0.15811653567920614
70551.40670000005,278.7257000000004,0.18520718341790332
118947.25630000007,473.5560999999998,0.15779074924870928
129152.45890000001,523.6387000000002,0.14292366225656739
229651.0338999999,922.6749999999998,0.14530493426219093
74297.3642000001,297.92879999999974,0.15732922258074944
192099.18969999964,767.9752999999992,0.1647894662252103
456997.7436000002,1828.239800000003,0.18230109642861814
277055.0489999995,1094.604499999999,0.1884889866771886
90070.82629999999,358.81250000000006,0.14089053642792526
288184.18659999996,1149.346200000001,0.09994039845907787
162371.45499999984,646.9829000000009,0.1521786126379555
72466.57679999998,288.68499999999983,0.14899629430320516
234791.74980000005,943.1614000000002,0.13855628675759468
155105.88210000008,622.2280000000003,0.1815285781092688
277804.9238000004,1124.8576000000003,0.14283097504080322
212013.07959999968,851.0014000000006,0.1573272110983185
217425.8469999998,889.2378000000003,0.1540000847128633
304824.21950000036,1216.9007999999985,0.138214649287827
210822.52500000008,849.9195000000007,0.1491957872534999
79497.59159999994,318.5317,0.18083235556475086
88282.97150000004,352.8018999999996,0.16874214847686886
322666.1648000005,1290.3066000000008,0.14042320903784544
222584.72260000024,894.3899999999995,0.14649749996254002
357889.6109000003,1433.585,0.13113527742103903
50306.67359999995,200.8552000000002,0.13765269040339234
41559.060699999995,165.91089999999977,0.12465190291808814
315974.41629999963,1259.0526999999984,0.15125446997681047
79752.8914000001,321.7153999999997,0.13061698433685376
175437.62349999978,701.3549000000007,0.17372428129727824
488269.77029999974,1951.432199999997,0.1537728010509578
79873.24130000007,317.72600000000034,0.16757396154617354
242219.37700000036,976.3779999999992,0.15534806535002088
348375.75709999964,1401.9442,0.15083285458372453
338920.5266999998,1372.2984000000004,0.14265055286417905
346117.7553999997,1367.9271999999996,0.2153838939614935
364286.94260000036,1453.6990000000017,0.1835710129867878
157774.7372000002,629.1045999999991,0.14064846896891536
390484.3421999993,1574.5027000000005,0.1620706221093393
262253.4449999997,1037.8561999999995,0.15586608993620332
131239.9717,514.6374,0.15448497854966647
78675.61019999995,314.65089999999947,0.1616728108181713
175393.82899999994,697.4294999999993,0.1548037271335584
82944.77249999999,332.43059999999974,0.15924119720078467
142056.65039999998,567.7714,0.14181039551679886
371911.8603999996,1476.7938000000001,0.16645446054855884
319958.4172999996,1275.6795,0.15267550034054655
194859.19119999997,783.1203999999997,0.1406323699202522
157363.06470000008,631.1839000000003,0.16892997998709958
251392.37190000003,1000.7821000000009,0.13996279607681428
225628.68479999993,935.7351999999997,0.15069317357425105
231724.64200000023,926.5645000000001,0.1708456640664019
329855.3294999995,1327.5084999999992,0.13602043769362115
247384.21269999977,992.2318000000013,0.1138924962371135
365815.7635,1466.9330000000004,0.1575510330530373
80030.30710000011,319.3843000000003,0.13950099862493437
124565.11430000009,492.1225999999996,0.15579022198866632
302372.40200000023,1203.0933000000018,0.14325094307884456
253010.31189999968,1018.5495999999991,0.19225417936433176
69942.90249999998,272.6924000000001,0.18665268482807307
266820.61570000014,1051.062600000001,0.13373732124665894
330394.68029999995,1324.8702000000017,0.13553225899828447
224698.68140000015,892.6278000000007,0.15647807410126247
412086.12109999976,1653.7765999999986,0.1790302262992438
181067.57450000022,724.7976000000006,0.14153752506095874
238115.60030000005,948.2038000000008,0.14902682771622355
55303.80869999998,221.57219999999987,0.17436755518097002
311854.94670000003,1251.7496999999987,0.16793336886525068
168852.70050000024,678.9230000000008,0.15807063088004103
134803.4945000001,545.5772999999999,0.13825076422740312
306641.8619999998,1233.3370000000004,0.1317800427044662
96156.25019999998,384.02040000000045,0.1312988619327311
199537.43039999984,785.5478000000003,0.17003439025712064
235197.1713999997,936.9615000000007,0.18981960936806108
434612.61200000055,1731.883600000002,0.20041937217597938
118851.65379999984,479.2919999999998,0.14342581687118539
217890.54889999994,875.5671999999996,0.1680375578592228
78286.23540000009,316.4380000000001,0.1457503109340631
149553.01860000024,598.9262999999995,0.14260350580305736
415993.09279999963,1671.8048000000008,0.13807400496010325
146880.5993000001,587.3182000000002,0.15871617097339064
155186.5227999999,613.8972000000008,0.13543715438430926
52512.69480000004,210.13780000000014,0.16812206639110505
364586.5506000005,1461.8007999999993,0.17082876643333
81807.9724999999,326.26330000000036,0.16453110598567777
229552.3723000002,920.1680000000005,0.18509764862011668
211574.46719999984,853.9802000000009,0.12799815690933458
405440.027,1591.3976999999982,0.19336534689501117
141211.85540000015,565.0304999999994,0.14099787299010558
308451.36359999975,1226.4491000000003,0.16723757296258002
501833.1304999993,2006.165400000001,0.1648165539995744
382971.2361000001,1532.1357000000003,0.1559573972322511
190125.6980999997,758.9609000000004,0.13531620866148353
334176.81270000007,1348.1464999999996,0.15894353204314593
252335.7327000001,1011.3664000000009,0.14028847084085372
172752.1786000002,677.5019999999994,0.1744110912997775
258141.30240000022,1028.8865000000008,0.12716453854732424
141592.3049000001,571.9185000000004,0.17444277873053904
48617.4098,194.0887999999999,0.1680177334952132
296044.7286000003,1179.5552000000005,0.16326668257042387
121962.5818,479.53350000000023,0.17307091931206053
371358.67489999987,1483.6964000000005,0.15230024094883154
222843.5453999998,892.6983000000009,0.17690860664119923
204101.91830000005,820.3821999999994,0.13626912690725013
158496.97509999987,638.1245000000006,0.1608090813118398
98588.95379999997,394.5474999999999,0.1583093727333308
366106.8338999998,1469.1314000000004,0.17189846276266274
101496.54519999988,407.0121999999997,0.16196981297082713
355873.70570000005,1428.7338999999986,0.15582312159076306
250921.99570000003,1004.3071000000002,0.16869520590978182
53034.270399999936,211.12510000000012,0.14887481521323165
340850.1223999998,1364.9426999999996,0.14929490315454685
64269.260899999936,256.8193999999999,0.1420129989200628
74736.80090000009,300.2130000000004,0.16664086499260566
206116.77779999992,831.5199999999999,0.14422306056746603
376021.02330000006,1518.594400000001,0.13372253766661635
165803.73070000025,655.7395999999994,0.16794975226970643
339938.4455999998,1355.2851999999996,0.16303166179519668
144169.6109000001,577.0980000000006,0.15682017575690144
110836.91900000002,442.6636999999996,0.15924752933069664
277006.6141000001,1098.794300000001,0.17147778121638457
451328.40460000007,1777.8571999999997,0.15705466117717382
159078.63279999982,634.2437,0.154891354560866
343166.67099999974,1382.9034999999992,0.1365584360939719
145364.99719999995,577.3454999999998,0.16526799002484538
269373.60270000016,1078.256800000001,0.15910069337265131
417845.44350000017,1669.6271999999988,0.17052994765062168
180328.79000000015,719.3477000000006,0.14598982699328722
156084.4701999999,623.8937000000009,0.15233671744748167
338679.3483000005,1349.1692999999987,0.15663732185697277
128983.86949999994,515.8065000000005,0.14420075471820515
252842.89860000025,1011.261599999999,0.13379795287548502
103139.20430000008,411.36739999999975,0.17015816054365718
212305.60910000015,845.6449000000003,0.1620221735284073
64330.595399999904,257.08600000000024,0.16845999240365195
395189.3695000003,1568.1157000000014,0.1558420814984135
176276.60799999992,704.2906000000008,0.14991842024881896
342901.7030999995,1346.4840000000006,0.18620111893199043
180294.16850000012,720.4673999999991,0.13582324719492855
69725.25339999989,278.97050000000047,0.13561772101597236
308279.12940000015,1238.7311999999993,0.11362140494050033
502904.01080000075,2023.669299999999,0.14198692102254684
169945.7006999998,684.5614000000002,0.15412156251838183
262219.5511,1037.1650999999997,0.14637974793065367
89286.21150000008,356.0967999999997,0.1272839852880462
199242.59110000002,796.5882000000004,0.16631568600491387
141359.51409999988,567.6206999999994,0.16035090368772809
357660.4601999998,1433.6273000000012,0.16310007282499206
168512.78339999996,678.1277000000006,0.14424409195727372
107220.00040000005,430.5184000000004,0.17021481914461645
76230.37399999995,306.79330000000004,0.16928131499747956
325426.4333999996,1309.8370999999986,0.13518374028718827
341437.90930000035,1355.2483999999988,0.1723313337846386
55861.69060000003,222.04630000000014,0.15648246486554085
338316.01369999937,1348.464700000001,0.13787995414637944
121135.75230000004,475.24010000000055,0.16125930771079455
321808.1869999999,1302.712999999999,0.14426662545470226
263250.19960000005,1060.1495999999995,0.1702235967222976
101142.05620000006,398.67950000000036,0.17489505300730668
446441.3335999997,1783.5851999999984,0.16710291501845875
101489.39759999994,407.9370000000004,0.1646373668268607
58469.72039999999,237.6081000000002,0.15281873635794507
80725.55219999995,321.6006,0.17071993342883685
296319.61600000033,1181.6502000000019,0.13443637107502304
261999.55249999967,1043.6419,0.18252590656359446
318273.7110000003,1271.8217000000013,0.15634256408145664
100205.59300000005,403.3351999999999,0.1367567881719982
236218.8740000001,956.6170000000003,0.13412303251954938
111075.10139999997,447.35009999999966,0.1609276084033745
433713.45040000015,1735.6855999999993,0.16557833281616774
294327.8166999996,1194.6966999999986,0.1301072171061275
258966.22830000013,1028.6936999999991,0.17156468751184317
322103.5616999994,1285.2515999999987,0.1593840726153618
333530.9266,1329.9510999999995,0.16147736019035253
61755.051000000014,251.18700000000024,0.12996445114604793
317620.74750000064,1273.7045999999996,0.13548461412564494
244620.52250000005,973.8143000000002,0.12293978189712051
215582.9908999999,855.2753000000001,0.1382831683097836
296321.77610000025,1187.3628999999987,0.16054752471506495
255482.30010000017,1017.0676000000001,0.12762549680176327
171798.20759999988,689.5527000000001,0.15753930692515417
246532.95940000002,995.0426000000002,0.1320252880434417
243766.12509999966,969.5862000000009,0.15526238053428965
298989.66920000035,1191.4458000000022,0.14431677328344228
234559.15109999996,936.3618999999998,0.14477961887245594
352051.1469000005,1403.0945999999988,0.19440428352772388
163205.5805999999,652.432400000001,0.13576147393285753
265842.5715000002,1059.8002999999992,0.14926979071769286
176619.03239999973,695.629200000001,0.1783983403066599
127932.7054999999,507.0444999999994,0.16264499650725328
67722.00649999994,271.8347,0.16464970248970867
206505.11490000022,820.6040000000005,0.11866031816861
275862.35090000014,1100.285000000001,0.148773456109059
71975.1982,288.68780000000015,0.18681666127282415
309951.59289999993,1251.6196,0.13511378376570926
300968.7955999998,1201.9558999999986,0.13603911231046617
71876.69850000001,289.6624,0.1619282482015303
341405.50220000005,1363.0709999999995,0.15686518064347987
114214.73510000003,452.6576999999994,0.1409960785635742
220247.30510000003,882.3733,0.14409258700984118
127957.63190000005,519.9912999999999,0.09947414952127598
76349.70479999993,307.3364000000004,0.1592434039316004
236399.4795999999,953.9459999999996,0.14160636921141656
291084.5355000001,1160.6936000000007,0.138941502486416
149327.9872999999,604.6603,0.16573477000962977
323902.64789999975,1294.3337999999994,0.16510492268013
321090.7068,1280.6852000000022,0.1543919307563325
301014.1704000002,1211.9207000000022,0.15413871885428143
109575.09440000003,439.7875000000001,0.1726788584586253
206451.75899999985,819.1136000000001,0.19204993442112794
386136.6482,1547.1473,0.152977317792233
