property_id,actual_rentprice,predicted_rentprice,actual_saleprice,predicted_saleprice
1,796.03,796.1627999999994,199007.93,199000.34309999982
2,847.92,848.1203999999992,211979.08,212029.32679999978
5,715.54,715.3290999999997,178884.09,178831.39719999992
7,805.88,805.7927000000003,201469.44,201456.14990000016
9,591.16,590.8618000000008,147790.87,147722.7849999998
12,1227.82,1227.7434000000028,306955.94,306979.2861000001
15,1023.42,1023.5661999999988,255854.5,255889.38699999993
16,2018.77,2021.4975999999979,504693.71,505026.96730000054
17,1426.04,1425.299499999999,356509.16,356291.64709999994
24,178.69,178.87270000000007,44673.28,44743.741999999955
28,526.54,526.4916000000003,131634.49,131611.76030000008
29,210.46,209.9857999999996,52615.38,52522.153399999916
32,1044.59,1045.1498999999985,261148.39,261244.9894000003
33,279.67,279.7961999999996,69918.33,69915.40840000003
34,1520.59,1520.7763999999984,380147.12,380176.1378
38,498.65,498.5725000000007,124663.57,124669.22870000012
39,1465.81,1465.8722999999995,366452.77,366580.47139999986
40,705.19,704.8584000000006,176296.99,176248.749
42,811.96,812.1744000000006,202989.97,203021.49109999996
45,996.85,996.7398000000009,249212.51,249227.72210000004
47,712.21,712.7245999999999,178053.46,178046.11970000033
48,1040.85,1040.5559000000005,260213.35,260140.64510000017
49,632.78,633.3004999999996,158196.13,158289.95520000014
50,572.09,571.6831000000004,143021.92,143009.51189999992
52,1263.07,1262.575000000002,315767.71,315640.3105000004
53,821.35,820.9112999999999,205338.01,205203.07360000015
56,1350.47,1350.4890000000007,337617.33,337631.99079999945
57,771.62,771.5488000000005,192905.18,192879.75139999986
59,755.87,756.2972000000009,188968.17,189086.66039999996
60,1041.21,1040.0536999999995,260302.21,260006.8985
61,669.89,668.4829000000004,167471.9,167067.83629999985
62,287.61,287.5958000000003,71902.87,71884.43210000003
65,1018.71,1019.3383999999994,254677.71,254707.75860000003
66,382.57,383.5118999999998,95642.99,95861.28700000014
68,339.91,340.2857999999999,84977.86,85026.43010000004
69,1048.88,1049.0074000000006,262220.35,262283.86160000035
72,1348.0,1348.0718000000006,336999.0,337024.3827999998
74,1544.91,1545.1050000000018,386227.34,386449.5523000004
76,658.04,657.9979000000006,164509.76,164505.77599999987
77,444.41,444.6138000000005,111103.49,111141.6761000001
82,1132.47,1133.2604000000008,283116.81,283251.4850999997
85,363.82,363.2752999999997,90955.65,90794.50190000009
86,350.09,349.8771999999998,87522.76,87394.82889999989
89,806.12,806.0416,201530.35,201514.51990000028
90,1590.35,1597.7515000000008,397588.41,399613.1078000003
91,564.33,564.388600000001,141083.41,141093.7830000001
92,535.34,535.1788999999991,133833.75,133783.82979999998
95,976.66,976.2512000000019,244164.72,244074.39979999987
101,881.79,881.4852999999987,220448.19,220381.66520000013
104,818.72,819.1158999999996,204680.53,204803.5667999999
105,1360.87,1360.8472,340216.76,340305.6055000006
108,310.22,309.5316000000005,77554.38,77285.02139999997
110,815.87,815.7806999999997,203967.92,203948.80270000006
111,603.53,603.9669999999996,150883.14,150978.9360000002
112,1661.56,1660.452099999999,415390.68,415223.6773999997
113,314.52,314.5144000000002,78630.98,78586.3553000001
114,618.33,618.4293000000002,154582.53,154770.69399999993
117,1327.76,1329.0904999999987,331940.25,332299.2589
119,1356.26,1356.1565000000023,339064.85,339030.22889999975
120,1019.77,1020.3665000000002,254942.18,255038.7359
121,757.9,757.9821000000005,189473.78,189486.70199999982
123,987.82,987.1953000000015,246954.24,246916.92419999972
124,807.23,807.3641000000002,201806.83,201858.67709999988
131,179.96,180.0162,44989.06,45133.36250000001
133,967.74,967.8968000000009,241935.68,242003.57139999987
135,1420.13,1421.1893000000011,355031.9,355379.07539999956
137,474.92,474.82699999999915,118730.7,118719.41549999992
138,1111.61,1110.5106,277902.57,277635.2143
139,267.54,267.48450000000037,66886.03,66864.69600000001
142,648.35,648.4447999999992,162087.94,162074.42499999984
143,316.84,316.93330000000014,79209.36,79386.02439999994
148,783.74,783.8141,195935.43,195977.79909999986
149,437.96,437.6435999999995,109491.2,109425.03789999995
151,810.25,810.0997999999995,202561.52,202535.3584999998
152,1101.74,1101.9357000000005,275436.12,275461.94450000004
155,1392.39,1392.0886,348098.44,348015.3017000004
157,1294.9,1296.2120999999995,323725.02,323909.26229999994
158,881.42,881.3227999999991,220355.16,220348.78100000002
160,1073.0,1071.0612000000003,268250.65,267727.4849000001
164,293.36,293.8630000000002,73339.67,73484.24079999997
167,486.39,486.7831999999999,121597.95,121694.93509999987
168,451.29,452.52310000000034,112821.67,113053.6347
169,274.77,275.4493000000003,68692.27,68866.31629999992
173,893.04,893.1439999999996,223260.81,223335.24029999986
174,171.71,172.23869999999965,42927.1,43102.70240000006
176,972.74,972.9683000000011,243184.35,243283.04070000027
179,1148.13,1149.0459000000008,287031.38,287244.1301999998
180,349.39,349.4925999999996,87348.45,87346.78200000005
181,873.72,873.5152000000005,218428.76,218374.18380000014
186,1681.63,1680.6350000000002,420408.62,419991.3260999997
189,1154.13,1154.8360000000014,288531.91,288724.4111
190,150.7,149.9688000000001,37673.78,37280.71809999995
191,401.93,402.2465000000001,100481.98,100530.39100000015
192,1181.25,1180.9259000000002,295311.45,295353.9655999998
195,265.07,265.2466999999999,66266.64,66276.13999999996
196,1564.17,1565.0685,391043.75,391342.8082
200,797.73,797.1652000000005,199433.2,199314.78599999973
201,814.4,814.2222999999997,203601.06,203521.8743999999
205,839.23,839.2690000000006,209808.0,209836.4684000001
206,1698.15,1695.1864,424537.86,424267.3854999999
208,927.54,927.179099999999,231886.11,231823.85759999976
211,1427.88,1425.9984999999992,356970.1,356413.5813999999
213,1113.33,1113.235300000001,278331.29,278339.5954999996
214,983.36,983.6799000000007,245840.73,245863.91250000018
215,1082.74,1082.5823000000012,270685.56,270675.34139999974
216,276.63,277.3016000000001,69157.1,69310.0644999999
218,820.67,820.7957999999994,205166.9,205204.33400000006
219,346.82,349.1450999999997,86705.4,87218.09609999994
222,995.54,996.0192999999992,248886.16,248996.92219999994
224,239.05,238.88169999999982,59762.88,59775.53729999994
225,956.1,956.0900000000008,239025.91,239035.6020000001
228,1570.44,1570.5143999999991,392610.82,392597.5421000001
229,866.75,866.7707000000003,216687.82,216644.41980000015
231,691.66,689.8149000000002,172915.59,172447.09369999994
232,1566.88,1566.845700000001,391721.21,391740.68000000046
238,479.82,480.20800000000025,119954.09,120093.08329999994
239,872.05,872.8342000000007,218011.62,218213.90690000006
243,1519.31,1520.5216999999993,379828.57,380072.8817000001
246,738.02,737.7148999999996,184505.11,184411.8377999999
247,942.72,942.2170000000007,235678.98,235594.6360000001
248,225.15,225.2922000000002,56286.93,56339.80169999998
249,1022.47,1022.3440000000008,255617.28,255542.51990000007
250,999.52,999.6693000000007,249879.8,249951.92530000026
251,361.88,361.2819999999998,90469.98,90411.75630000008
252,236.63,236.64530000000005,59157.72,59166.16979999999
255,417.09,417.4082999999995,104272.36,104367.05850000003
256,296.83,296.31730000000044,74206.89,74171.03389999991
261,782.41,782.2038000000013,195601.84,195551.0322999998
262,980.85,981.8183000000006,245213.72,245470.44309999983
266,1211.4,1212.3415999999988,302849.1,303173.87540000037
267,811.86,812.3134000000001,202963.93,203038.62289999984
269,254.15,253.86630000000022,63536.9,63462.03130000005
271,843.94,844.0808000000007,210985.16,211023.60030000014
272,926.68,926.8132999999985,231670.59,231738.29229999988
274,822.44,822.0459000000006,205609.24,205501.7823999999
275,958.4,958.355799999999,239600.05,239569.75810000038
277,1170.77,1171.028900000001,292693.42,292695.69130000053
278,249.49,249.55580000000023,62372.85,62409.390199999994
279,528.54,528.0935000000004,132136.18,132005.28719999993
281,1243.56,1243.4747999999988,310889.38,310889.84759999986
282,205.39,205.00959999999966,51348.02,51295.64249999995
283,533.92,534.5231000000001,133480.92,133603.34040000002
290,1215.8,1215.5099000000014,303948.96,303992.2568000005
291,845.51,845.4458999999994,211378.61,211339.34979999982
293,781.75,781.9926,195438.54,195481.4713999996
294,1110.56,1110.4075999999993,277639.86,277604.9756999998
299,284.24,284.4751000000003,71060.43,71135.25439999993
300,514.4,514.0600000000006,128598.95,128474.25659999988
302,1126.96,1126.3246000000015,281738.77,281552.14489999984
309,557.05,557.1994000000007,139263.5,139278.00580000004
313,563.2,563.3585999999997,140799.22,140845.58520000018
314,1330.12,1330.2452999999985,332529.09,332517.6998
315,690.29,690.0319000000001,172571.92,172522.35169999997
316,427.06,427.06390000000005,106765.58,106726.96310000001
317,730.62,729.9491000000005,182653.8,182487.3809000002
318,337.26,337.5018999999995,84315.06,84317.47219999987
319,1522.32,1521.4449000000016,380579.36,380376.5540999999
321,673.91,673.5678000000012,168478.5,168436.75449999995
323,1089.04,1088.8930999999984,272261.16,272187.2593999999
325,746.29,746.2866,186572.12,186560.3234999999
328,1543.56,1542.9465999999998,385888.92,385947.1455000006
331,895.67,895.070199999999,223917.67,223808.55270000026
332,406.95,407.3374999999999,101736.46,101850.12280000008
334,1169.03,1168.7712999999994,292256.31,292215.21670000046
335,279.9,279.8794000000001,69974.53,69953.67349999999
336,850.18,849.5665999999992,212545.95,212432.29989999975
339,1024.12,1024.2802999999992,256029.95,256083.11229999972
340,680.55,680.442700000001,170137.87,170045.0254999999
343,650.37,649.3909999999993,162592.15,162375.28289999976
345,766.96,766.5228000000003,191738.93,191592.6009999999
348,418.0,417.9674999999998,104498.89,104496.1187
349,792.93,792.8033999999993,198232.48,198259.14190000025
350,1046.37,1045.856199999999,261593.23,261432.89680000034
353,843.16,843.2266000000012,210789.13,210789.034
355,536.9,535.5061999999995,134224.64,133843.30689999997
356,758.45,758.8084000000002,189612.49,189744.9743999998
357,924.11,924.4358,231026.36,231091.77179999973
358,2108.66,2106.6376000000005,527165.83,526872.3552999996
359,435.14,435.17719999999974,108784.95,108822.33949999997
360,1187.7,1187.3452999999986,296924.08,296805.00359999953
365,729.4,728.8915000000002,182348.87,182200.86049999978
366,702.95,703.169699999999,175736.65,175794.8377
367,1159.39,1159.1135999999997,289847.96,289771.0681000004
369,624.06,623.5418999999997,156013.92,155893.00180000006
370,742.6,742.6173999999999,185648.99,185506.88990000027
375,418.6,418.49989999999934,104651.1,104609.95919999987
378,727.55,727.5831000000009,181888.17,181897.25870000012
379,769.45,769.9107999999994,192362.9,192429.01460000008
381,1375.23,1374.1728999999996,343807.57,343502.4703000002
382,2000.06,1998.4303999999984,500014.76,500272.46229999984
384,597.93,596.6279000000001,149482.53,149196.09909999982
387,531.41,531.3035000000007,132851.49,132836.1722000001
390,1210.01,1211.7685999999997,302501.84,302838.1519000003
391,241.58,241.1405000000004,60394.06,60294.06299999992
394,1224.61,1224.9817000000014,306152.0,306272.29489999986
396,317.08,317.11900000000054,79269.77,79319.13969999985
398,1451.52,1450.2160999999999,362879.87,362542.04720000015
401,426.29,426.1758000000003,106573.26,106585.5629999999
403,1275.24,1275.062000000001,318810.22,318719.7824999999
405,1354.57,1354.4582000000023,338643.05,338694.67549999995
407,936.91,938.7255000000014,234227.62,234777.17040000015
410,956.47,956.4648000000007,239116.3,239133.50090000022
413,1118.13,1118.085700000001,279532.78,279515.3775000002
414,654.69,653.6374,163672.93,163396.62510000012
415,476.64,476.2604999999996,119160.77,119093.75739999986
418,1925.42,1928.1129000000021,481354.29,483272.83549999923
421,418.1,418.0346999999994,104525.41,104504.53930000005
423,1110.58,1110.4016000000008,277644.3,277535.35940000025
424,714.31,715.1815999999999,178577.83,178793.52759999994
425,254.72,254.37580000000014,63680.63,63605.327399999966
426,609.71,609.6494999999996,152426.98,152415.08660000016
430,520.74,520.9558999999997,130185.23,130210.1002000002
433,272.07,271.9402999999999,68016.37,67970.88150000005
434,183.17,183.35539999999986,45791.54,45823.00090000003
435,1252.96,1252.5587000000012,313238.9,313189.16089999984
438,223.99,224.69580000000028,55997.5,56183.447299999985
439,324.32,323.5462999999998,81079.96,80843.52579999999
441,505.27,505.61509999999913,126316.82,126383.66820000007
442,762.39,763.4355999999993,190596.6,190806.3138999999
443,1166.12,1166.1103999999987,291531.13,291566.1699
444,1062.09,1057.6459999999995,265522.73,264396.79720000055
446,826.12,825.7739999999993,206529.75,206344.61610000007
449,847.87,847.7607,211967.63,211980.3374
451,443.37,443.8787000000003,110842.08,110973.28540000005
452,605.1,605.1331999999994,151273.98,151241.71490000028
453,772.0,771.8239,192999.61,192967.3567999998
456,245.87,246.59789999999998,61466.65,61653.07800000007
457,733.84,733.912999999999,183459.03,183448.98119999983
458,312.16,312.4458,78040.68,78129.5749999999
459,734.66,734.3904000000011,183664.08,183579.74349999998
461,942.47,942.2738000000006,235617.04,235498.76729999972
465,375.12,375.7455999999999,93780.78,94048.4913
466,210.19,209.63109999999986,52548.72,52365.10379999998
467,1761.91,1761.7768999999978,440477.84,440619.7954000005
469,314.53,314.2521999999999,78631.75,78542.23150000001
470,358.12,358.1754,89530.4,89525.32330000009
471,1411.91,1411.9820000000022,352977.58,353004.04499999946
475,473.47,473.4169999999998,118366.49,118364.86790000003
476,1341.56,1341.7079999999994,335390.45,335475.8543999996
478,1760.44,1762.658499999998,440109.93,440680.96370000055
479,321.21,321.1109000000001,80302.97,80289.7036
482,562.91,563.0559000000011,140728.17,140765.16379999995
484,785.9,785.7383999999997,196474.55,196404.98870000016
485,279.44,279.6503999999997,69860.85,69894.43369999989
487,806.83,806.6048000000004,201707.16,201700.01590000017
490,880.44,880.3502000000003,220110.3,220087.98470000032
491,880.75,880.6941999999997,220187.74,220157.46929999985
492,328.98,328.8807999999997,82243.85,82103.64390000001
493,1281.1,1280.9468000000013,320274.32,320206.3495000002
495,280.56,280.30380000000036,70139.52,70097.65109999987
499,792.1,792.1614999999998,198026.07,198056.4978000002
500,824.86,824.3694000000003,206215.99,206089.72400000002
506,1372.83,1372.2480000000005,343208.36,343146.9107999999
507,928.61,928.1578000000002,232152.53,232065.42070000005
510,642.44,643.3514,160611.17,160732.81209999986
511,992.69,994.2280000000009,248173.65,248585.08259999988
513,278.26,278.1620999999996,69565.81,69540.10729999989
516,945.03,945.0625999999995,236256.32,236290.11480000018
517,852.94,853.2679000000003,213236.03,213309.49329999997
524,1498.23,1500.7834000000003,374557.33,374863.8746000004
526,776.59,776.4188999999996,194146.34,194106.52709999983
527,763.76,764.7288999999996,190939.75,191053.47189999983
531,668.51,668.3969000000003,167127.94,167114.84349999984
533,535.02,535.1375999999992,133755.3,133771.09480000017
534,591.31,591.1848999999995,147827.7,147793.25709999987
537,589.05,589.9199999999993,147262.99,147657.97580000016
540,198.44,198.0167,49610.04,49489.590000000026
541,180.34,180.5328000000001,45085.73,45157.6914
545,368.27,368.2339,92067.03,92144.22400000002
547,1261.36,1261.3967000000005,315339.99,315363.7010999996
549,676.11,674.955400000001,169027.39,168768.1242999999
555,1035.27,1037.1434999999992,258816.47,259369.75000000012
560,1566.56,1566.6471999999992,391640.58,391618.0312999995
563,1835.97,1840.0288000000007,458992.12,460033.69139999984
564,1638.08,1637.1910000000018,409520.7,409217.8558999998
567,407.72,408.0929999999999,101930.62,102056.82970000005
570,780.85,781.2231000000003,195211.62,195296.09389999975
572,1153.44,1154.7041000000013,288358.97,288709.8573
575,288.45,287.6725000000003,72111.48,71914.30800000005
577,467.7,468.01829999999967,116924.78,116974.0510999999
578,830.7,831.1030999999991,207674.85,207800.38060000015
580,711.53,712.2420999999996,177882.0,177976.73150000002
581,403.77,403.8569999999998,100943.68,100987.19759999993
583,1853.96,1853.1716999999999,463489.39,463243.31720000046
584,1054.39,1054.3253999999993,263597.88,263605.3776
585,689.85,689.7244999999997,172462.6,172412.33259999988
586,1040.22,1040.3963000000006,260053.9,260011.75279999978
589,457.0,456.34190000000024,114249.33,114131.424
592,645.68,646.2592000000001,161420.12,161570.48369999972
595,695.6,695.5732999999996,173899.25,173926.05440000002
597,1037.53,1037.6740999999988,259383.31,259454.0019999999
599,358.11,358.29970000000037,89526.72,89569.0082
602,1739.46,1740.3736000000001,434866.14,434544.04720000026
605,1529.2,1528.5865999999996,382298.8,382248.4265000001
607,1254.2,1254.216299999999,313550.17,313645.0995000004
609,1677.62,1677.0572999999983,419404.66,419166.47789999953
613,1136.61,1136.6449000000007,284153.1,284167.26720000035
614,1259.95,1260.0806000000007,314986.33,315129.10380000004
617,1140.51,1139.7229999999995,285126.32,284987.04110000015
618,619.13,619.0013999999995,154782.93,154841.2954999999
619,1079.66,1079.6268000000018,269913.99,269961.71289999963
620,1263.39,1262.6961999999999,315847.74,315651.94069999945
622,414.06,413.8007999999999,103515.11,103439.16950000003
628,1075.81,1076.4012999999993,268953.57,269102.80030000024
632,1761.59,1762.035899999998,440396.77,440547.54070000054
634,487.89,487.82170000000013,121971.89,121967.53809999999
635,224.81,224.01990000000026,56201.85,56068.30580000001
636,747.1,746.9990999999998,186774.58,186728.72909999994
643,1177.51,1178.0067999999985,294377.69,294489.7576000005
646,248.43,249.38170000000008,62107.81,62362.09950000004
648,1056.7,1055.9496999999994,264174.72,263990.4214000004
650,1872.31,1871.2199999999991,468076.34,467828.0863000007
652,1507.65,1505.9723999999985,376913.29,376428.3909999996
653,1433.53,1433.5570999999984,358381.59,358436.9839
654,664.04,664.5968000000003,166009.66,166120.6459
656,1739.32,1739.4630000000031,434829.63,434812.20650000015
659,1493.91,1495.8763000000004,373476.98,373899.93040000036
660,649.74,649.3561999999993,162435.27,162346.65549999976
664,351.52,351.2518,87880.79,87871.13779999997
665,927.77,927.6810999999996,231943.5,231919.50809999992
667,327.9,327.98009999999994,81974.92,81952.41930000001
670,916.9,917.3546999999993,229225.29,229298.0548999996
674,557.85,557.4688999999995,139462.09,139333.43159999995
676,271.98,271.83399999999983,67996.16,67976.45740000007
677,1216.46,1215.8791000000012,304116.13,304016.74319999997
681,1151.0,1150.8248000000003,287748.93,287697.94199999986
682,1022.44,1022.6980000000009,255609.97,255650.61949999968
683,1121.91,1122.1793000000011,280476.47,280606.56259999983
686,1058.61,1057.1145,264651.89,264258.73030000046
687,940.92,941.0775999999992,235229.86,235235.08789999984
691,1389.98,1390.4133,347496.12,347512.5257000002
692,285.4,285.0737000000004,71349.39,71258.6342999999
693,708.34,705.6935000000003,177085.48,176449.65419999993
694,1177.03,1177.3220999999994,294256.98,294314.1089000004
697,648.32,648.0582999999999,162081.07,162031.1690000001
698,187.0,186.70159999999998,46751.19,46665.7196
700,1637.82,1637.702300000003,409454.07,409344.89730000007
701,769.25,769.5801999999998,192312.74,192426.67140000005
702,1302.48,1302.8173999999995,325619.69,325693.29230000055
705,1003.56,1003.7259999999987,250889.49,250984.41289999976
707,343.64,342.91689999999966,85910.39,85722.30589999986
710,567.58,567.9020000000012,141895.95,141966.09289999987
711,1490.91,1492.3800000000015,372726.73,373218.64870000014
712,1135.08,1135.3652000000013,283769.08,283880.7198999997
714,765.67,765.6020000000001,191416.94,191454.6047
715,711.52,712.1580999999992,177880.6,178018.6195999999
716,317.59,318.3250000000001,79396.85,79662.97319999993
717,385.46,385.30009999999953,96364.79,96345.94249999998
718,1155.28,1155.4772000000003,288821.04,288825.7782999998
719,727.75,727.4405000000002,181936.35,181877.02339999992
721,819.24,818.8967999999992,204809.64,204857.4993999999
724,711.9,712.6941999999998,177973.9,178088.29430000015
726,667.1,667.5529999999994,166775.85,166873.42849999975
727,1075.37,1076.4649999999997,268842.95,269112.4163000002
729,489.3,489.2962000000002,122323.9,122270.70509999999
730,260.16,260.67540000000037,65038.81,65119.11139999993
731,1297.95,1297.3155999999988,324487.26,324357.81780000025
732,1117.69,1117.8309000000008,279422.19,279484.6615000002
733,1054.06,1054.0855999999992,263514.07,263484.95860000025
734,977.1,976.6414000000013,244275.93,244179.59099999984
738,862.0,861.6520999999998,215499.62,215464.7627
740,602.32,604.1646000000002,150580.45,150963.65100000022
743,982.27,982.6889000000007,245568.47,245645.99969999984
747,513.65,513.7277000000005,128411.56,128368.44519999991
749,1397.67,1397.6396999999997,349417.23,349431.05529999995
750,415.29,414.84469999999965,103822.04,103691.88910000001
751,1748.12,1747.0451999999987,437031.24,436630.8635000001
754,1339.53,1339.7037000000014,334883.42,335032.6858000004
759,145.91,144.26259999999988,36477.09,36120.34089999996
760,367.15,367.6086000000003,91787.54,91937.491
761,889.99,889.8925999999996,222497.46,222452.6888
762,358.48,358.43360000000024,89619.45,89579.38810000008
765,300.04,299.96180000000044,75009.74,75033.11370000009
771,255.56,254.87640000000025,63890.97,63740.39929999999
776,1524.66,1524.791800000002,381165.99,381201.7163999998
780,873.51,873.5223999999996,218377.78,218398.9932000001
782,1081.11,1081.0489000000005,270278.28,270283.36720000015
785,367.45,367.7213000000001,91861.67,92026.31430000006
789,771.46,771.4718000000004,192866.12,192885.61999999994
790,195.8,196.44779999999977,48948.85,49130.43510000001
791,868.9,866.8741,217226.03,216732.7943
792,878.26,879.3526999999998,219565.52,219905.24620000005
794,226.91,225.5356000000003,56726.61,56398.03230000004
797,1367.83,1368.4444000000005,341956.88,342008.92419999995
801,671.66,671.7029000000011,167915.91,167935.61490000002
803,1556.66,1557.8313000000019,389164.28,389549.21010000043
804,698.22,698.6828000000003,174554.15,174717.57470000017
805,925.17,924.6897999999991,231291.29,231190.92789999954
806,458.84,458.4358999999993,114710.99,114676.57280000011
807,334.17,333.64359999999925,83542.56,83429.20979999988
810,2019.12,2020.7703999999974,504779.27,504997.1399000006
813,703.25,703.4301999999999,175812.19,175867.88389999993
815,805.48,805.6348000000004,201371.21,201399.75820000042
818,1292.61,1293.7336000000003,323152.42,323526.5699000005
819,1543.08,1542.8721000000012,385769.76,385941.5989000005
821,590.17,590.5360999999992,147542.73,147609.0480000002
827,656.86,657.5085000000005,164215.35,164367.0557999998
830,301.84,302.21660000000026,75459.97,75625.20829999994
832,438.82,437.9068999999997,109705.34,109530.58959999992
833,820.66,820.7274000000008,205165.89,205127.46660000016
835,1120.15,1119.9381999999987,280036.26,280028.6996000005
837,672.07,672.1259,168017.9,167987.8158000001
839,835.97,835.9151000000005,208992.27,209041.39539999983
840,277.38,277.43910000000005,69343.82,69331.73820000004
843,343.34,342.9612999999998,85835.31,85695.70429999982
845,1844.51,1846.4546000000007,461126.28,461826.0945000005
846,1619.77,1620.4869999999996,404942.4,405057.81769999943
848,996.77,996.7774000000007,249193.08,249169.1837999996
849,1098.69,1098.3707000000004,274672.53,274570.2294000001
851,620.44,620.1550000000007,155108.77,154966.36719999978
853,1811.0,1812.271800000001,452749.59,452999.3496000006
854,556.69,557.1220000000005,139171.5,139227.79890000014
855,1633.33,1634.9441000000006,408331.8,408726.9567999999
858,1088.62,1088.501699999999,272154.29,272132.79659999965
859,464.75,464.4009999999998,116188.74,116069.54490000004
863,794.61,794.9945000000002,198651.77,198700.77559999985
868,745.23,745.6963000000005,186308.57,186368.73950000014
869,254.01,254.1960999999997,63503.37,63550.757800000065
872,657.8,658.2254000000008,164450.87,164559.58909999984
874,489.98,489.62620000000044,122495.42,122397.81899999996
875,1413.55,1413.1128000000008,353387.46,353315.53370000044
879,1119.99,1119.9404000000013,279998.53,279998.2749000003
880,1869.36,1870.0148999999974,467339.1,467035.2294000007
882,681.95,681.9932999999994,170486.41,170474.4364000001
889,1332.54,1331.1257999999982,333134.09,332817.94840000005
892,546.23,546.4694000000007,136556.26,136680.12659999987
894,1406.67,1407.9874,351668.48,352019.67309999996
895,830.68,831.2901999999993,207670.76,207762.7792000001
898,1306.82,1307.876000000002,326703.85,327037.0459000005
899,1250.05,1249.7780000000007,312512.47,312418.03749999986
902,812.57,812.5497000000007,203142.17,203122.82440000016
903,1117.95,1117.8096999999993,279488.25,279443.8280000001
905,753.4,753.2886000000003,188349.34,188265.58059999987
906,764.99,764.9366,191248.12,191162.02309999987
908,2018.34,2021.047599999998,504585.94,504664.36599999986
912,1468.33,1469.0131999999994,367082.06,367192.26629999967
919,1995.07,1993.5730000000026,498767.15,498902.7963999994
920,520.54,520.8486000000004,130134.49,130205.11470000015
921,492.5,492.1889000000002,123124.12,123109.64140000007
922,501.17,500.8158000000001,125292.66,125199.45669999998
923,221.93,222.05790000000027,55482.45,55562.093000000066
926,907.35,907.4398000000007,226838.23,226817.34860000014
929,496.31,496.59109999999947,124077.86,124070.03289999995
934,610.85,610.6998999999993,152711.83,152643.01920000007
935,446.33,446.3266000000003,111582.91,111588.26460000005
936,984.64,984.6543,246159.94,246154.2430000002
940,480.55,480.31810000000024,120136.52,120087.99589999985
944,616.71,617.7109,154177.57,154279.04529999997
947,986.1,985.9808000000006,246525.54,246514.67679999964
948,1248.59,1248.6707999999987,312148.67,312178.47030000045
953,906.07,905.8022000000008,226517.34,226462.45629999996
954,1056.64,1056.2066999999995,264159.51,264003.49000000046
955,453.22,453.3440000000005,113304.08,113279.18920000005
956,1422.65,1422.0119000000007,355662.57,355538.4744999999
957,1600.29,1603.5103,400072.78,400829.75340000034
965,996.44,996.5180000000012,249108.77,249130.47499999974
967,454.97,455.0754000000005,113741.76,113788.93149999989
972,1886.96,1885.8157999999996,471741.09,471326.7251000008
975,873.35,873.6015000000006,218336.38,218398.25090000007
981,918.0,918.3127999999998,229500.97,229533.57589999985
983,219.5,219.55940000000012,54875.71,54901.0542
986,239.93,239.93080000000018,59983.17,60022.98489999997
987,438.85,437.9852999999996,109713.19,109477.43699999992
990,319.35,319.44439999999963,79838.67,79860.03519999993
993,1122.73,1122.950500000001,280682.04,280793.0648999999
995,619.18,619.2007000000001,154795.76,154743.95659999986
999,261.76,261.62829999999974,65439.81,65373.192699999905
1001,836.63,836.3164000000003,209158.71,209084.17960000038
1004,894.48,894.5905999999999,223619.61,223656.52789999987
1007,1145.35,1145.3091000000009,286336.41,286392.87440000003
1009,334.1,333.75909999999953,83525.5,83461.25740000002
1011,910.2,908.6577999999995,227550.71,227044.66020000016
1012,530.79,530.9845000000007,132696.26,132708.1814999999
1015,867.13,867.1780000000003,216783.31,216743.8778
1016,342.53,342.28609999999964,85631.89,85586.70359999985
1017,636.97,636.9071000000008,159242.57,159241.0006000001
1018,249.91,250.34949999999998,62476.49,62569.39610000007
1019,961.26,961.0552999999996,240314.38,240282.74690000017
1020,1157.07,1157.5593000000022,289266.57,289395.6525000002
1021,575.44,575.3760000000005,143860.53,143924.60409999976
1022,1007.46,1006.8756000000014,251863.77,251724.2436999998
1023,728.07,727.7504000000004,182018.55,181968.66810000007
1027,682.3,682.5659999999999,170573.97,170649.91379999998
1028,965.0,964.8354999999999,241250.13,241165.88039999988
1030,1070.06,1070.3008999999988,267515.79,267536.2217999997
1032,1351.16,1351.6280000000013,337790.65,338038.32759999944
1033,1458.94,1459.401200000001,364734.49,364820.5834999998
1038,1441.54,1441.5528999999985,360384.25,360338.42480000004
1040,839.83,839.650200000001,209956.77,209920.80039999992
1043,1087.25,1087.1272,271812.49,271831.94859999977
1046,237.94,238.55499999999992,59485.01,59626.5973999999
1047,1565.62,1566.1368999999984,391404.26,391556.52060000034
1049,363.27,363.0494999999999,90817.47,90776.07790000009
1053,1367.03,1367.0230999999999,341758.17,341798.8194000005
1054,1298.58,1298.045999999999,324644.68,324463.3381000001
1055,795.36,795.6979000000003,198840.11,198968.94109999976
1058,318.01,317.6593999999999,79502.68,79464.60539999991
1061,191.95,190.7704999999999,47987.84,47699.58870000006
1062,1425.26,1424.690299999999,356315.19,356127.24800000025
1063,813.26,813.1393,203315.89,203300.2450000001
1067,973.22,973.366500000001,243304.42,243372.29890000023
1069,1413.15,1413.1108999999985,353286.78,353274.8661000003
1071,264.42,264.9008999999996,66105.21,66253.46779999997
1075,1560.41,1559.7705000000026,390101.73,389991.17939999996
1078,329.6,329.3156999999995,82399.42,82327.08119999997
1079,846.66,846.4024000000013,211665.36,211604.93819999974
1080,978.93,978.9531000000011,244732.73,244748.4256999999
1081,643.8,644.3087000000007,160950.52,160982.8528999998
1082,225.79,225.98700000000048,56446.56,56539.19619999996
1085,1163.2,1163.1634999999985,290799.59,290803.92909999995
1088,1272.41,1272.9523000000022,318103.0,318278.133
1089,770.91,770.9313000000011,192728.57,192738.1370000002
1091,866.49,866.500700000001,216622.47,216597.55119999993
1095,376.92,376.7265999999996,94228.91,94230.86379999995
1097,716.16,715.2285999999995,179040.26,178846.17289999995
1102,1413.71,1413.4636000000016,353427.81,353314.0626999997
1103,1556.01,1556.9689000000005,389002.78,389200.3594000005
1104,1528.96,1528.4783000000011,382239.08,382313.1784999993
1107,725.38,725.4053999999998,181344.01,181362.583
1109,484.58,485.1489000000006,121144.22,121325.49510000007
1112,845.13,845.3529999999996,211282.44,211328.8872
1113,894.88,894.8389000000003,223719.13,223706.8455
1116,1353.3,1352.833900000001,338324.79,338260.0055999995
1117,1570.62,1570.2114999999978,392653.83,392549.7927999994
1120,452.72,453.4586000000006,113180.21,113279.39500000014
1122,796.69,796.5439000000006,199172.04,199184.44789999965
1123,1114.14,1114.0219000000002,278535.02,278519.76319999975
1124,745.5,745.9304000000002,186376.09,186468.73840000015
1125,2081.15,2083.7298000000005,520287.06,520712.75659999996
1126,564.65,564.7265000000007,141162.06,141110.01740000013
1127,228.71,228.56739999999988,57177.52,57141.78219999998
1128,932.14,930.9691999999999,233034.45,232677.3195999997
1129,1706.75,1704.2743000000003,426687.07,426036.2810000001
1130,455.62,455.45330000000047,113905.26,113842.69059999994
1131,1141.37,1141.0540000000003,285342.58,285372.13339999993
1132,880.73,880.6186,220181.63,220186.86319999996
1134,1449.7,1449.5540999999994,362425.25,362485.47700000013
1136,811.96,812.1482000000007,202988.86,203025.38389999987
1137,1075.16,1076.1696,268788.9,269018.9218000003
1140,1003.79,1004.0351999999988,250946.37,251058.03320000006
1144,1570.2,1569.9816999999996,392549.18,392599.0988
1148,1105.22,1104.3416000000007,276305.42,276127.8643000004
1153,638.74,638.3883999999995,159685.64,159587.25060000014
1154,921.78,921.7559999999996,230444.66,230433.73110000015
1155,618.8,619.3331000000007,154699.15,154856.92770000012
1156,1296.9,1297.2617999999989,324225.06,324311.2171999998
1158,977.06,976.4821999999996,244265.32,244126.0542
1160,219.08,219.3427000000003,54769.12,54813.44130000006
1165,953.37,954.1102999999997,238342.85,238547.1368000003
1166,1680.91,1680.0831999999991,420226.43,419912.72729999974
1167,759.86,759.5391000000006,189964.2,189907.95309999972
1168,303.23,303.0813,75808.27,75723.9064999999
1169,767.15,766.2999000000007,191788.73,191525.07029999988
1170,320.61,320.49730000000017,80151.76,80140.47439999989
1172,1230.75,1228.8665000000024,307688.4,307015.2295999997
1176,1148.71,1149.1984000000018,287176.36,287233.9309999997
1177,998.07,997.5988000000012,249518.06,249392.72339999978
1180,1528.46,1528.040700000002,382114.71,382226.7267000002
1182,829.88,830.0961999999993,207471.0,207435.5950000001
1184,771.84,771.7735999999991,192959.42,192971.34350000016
1185,462.31,462.8619999999994,115577.1,115667.2761999999
1191,611.06,610.9420999999999,152764.7,152558.89570000005
1193,1398.05,1397.750700000001,349513.43,349370.79449999996
1195,1412.48,1412.5749999999998,353120.96,353139.9717000004
1198,1410.25,1410.9188000000006,352563.5,352776.2050000001
1199,231.98,232.07939999999977,57995.84,58069.87629999996
1204,1144.71,1144.8737999999994,286177.27,286229.40979999985
1208,895.84,894.7224999999993,223958.95,223766.26870000016
1209,542.82,542.5326,135705.38,135713.35860000004
1210,484.84,485.1538999999995,121209.42,121334.58479999998
1211,677.12,675.6160000000009,169278.83,168853.8472
1213,1261.45,1261.3592999999992,315363.11,315337.07919999975
1214,1696.24,1694.089699999999,424058.91,424058.71319999953
1215,456.85,456.5234000000001,114213.45,114142.92020000004
1216,1495.77,1496.7918999999997,373941.26,374063.05630000035
1217,1084.22,1083.8654000000006,271054.84,270933.0577999999
1220,1068.51,1068.7917999999986,267126.76,267280.2366000003
1221,230.01,229.5107999999998,57501.65,57364.47560000005
1222,474.78,474.60219999999936,118696.06,118719.06049999995
1223,838.94,839.1417000000008,209735.89,209786.47130000024
1224,141.23,142.7068999999998,35306.63,35718.796899999936
1225,1097.76,1097.7094999999995,274440.99,274386.3894999996
1226,720.36,721.0871,180089.04,180220.89440000005
1229,1190.02,1188.7623999999994,297504.4,297243.6624999998
1232,560.49,560.7516,140122.29,140195.09709999996
1234,1786.85,1787.1043000000025,446712.2,446648.6621000001
1238,807.74,807.6440000000002,201933.92,201893.75000000015
1239,476.49,476.25519999999966,119121.32,119083.29990000007
1241,1422.17,1422.5050999999992,355542.29,355608.16939999943
1244,570.68,570.9723000000004,142670.65,142729.6201000001
1246,1189.94,1190.3364000000004,297484.8,297413.8539999998
1250,1541.3,1543.3417000000015,385326.22,385931.0097000005
1251,604.9,605.0808000000004,151224.99,151238.09270000018
1252,665.42,665.2316999999993,166354.68,166309.11449999982
1256,270.62,270.8674,67654.5,67696.80769999999
1257,226.54,226.5310000000005,56635.09,56665.25729999994
1259,732.82,733.0945000000002,183204.35,183251.95249999984
1263,634.92,635.4673999999993,158729.48,158860.25740000015
1264,1465.13,1465.467900000001,366283.53,366355.5324000004
1265,1493.83,1493.7063,373458.13,373537.32050000015
1267,331.57,331.73919999999976,82893.48,82910.40330000014
1268,1717.79,1719.0256999999992,429447.82,429723.8307000002
1273,1985.11,1982.5941999999986,496278.56,496162.8938999998
1274,399.25,399.4963999999998,99811.61,99814.10350000007
1276,1010.84,1009.9445999999988,252709.58,252435.97979999962
1277,734.26,734.4462000000004,183565.71,183535.69920000032
1278,1091.2,1090.0202999999985,272799.3,272527.4574000002
1281,786.56,786.6481999999995,196638.89,196637.70990000022
1284,498.26,498.22150000000033,124565.3,124591.34840000013
1285,1070.52,1070.5095000000003,267630.31,267624.2697999999
1288,1562.33,1563.6530000000007,390583.01,391006.2935
1290,1408.25,1408.1431000000002,352062.99,352033.56809999957
1301,516.19,515.6408000000005,129048.31,128870.17209999997
1303,1980.66,1972.0684000000006,495164.35,493723.4607999996
1305,899.92,900.2382999999987,224980.5,225089.57690000001
1306,1153.33,1154.9152000000008,288332.55,288683.747
1309,1079.77,1079.3761000000006,269941.5,269867.5123999999
1310,2732.98,2518.576600000003,683244.03,634999.1998000004
1312,1854.96,1852.4413000000006,463740.18,462855.39730000024
1314,816.56,816.6882999999993,204139.36,204194.77259999994
1316,1420.46,1420.7529000000013,355113.79,355186.6234999994
1317,2314.97,2316.901199999999,578743.61,583085.2987000005
1318,753.61,753.2234000000004,188402.36,188305.43289999978
1320,1205.73,1205.9586999999995,301432.05,301478.14910000033
1321,1052.24,1053.0573000000006,263059.21,263290.35140000045
1323,733.58,733.8783000000006,183395.11,183466.78459999987
1324,1090.73,1089.7552999999987,272682.68,272471.8018
1325,889.63,889.8812000000001,222406.67,222407.70200000025
1328,1000.85,1001.0810000000004,250211.84,250264.30929999994
1330,1696.2,1696.3139999999996,424050.83,424023.83409999986
1331,2111.05,2109.8431999999975,527761.75,527633.125
1333,1470.04,1468.3848999999984,367509.55,367183.9785000001
1336,1206.1,1206.5865000000015,301524.62,301606.0402000003
1337,1261.26,1261.3863999999992,315313.87,315379.79520000005
1338,1195.41,1190.5598999999993,298851.33,297788.3634999998
1340,188.63,187.7392999999999,47156.41,46939.19230000004
1342,1766.5,1766.8423999999993,441625.68,441688.3992000001
1345,565.48,565.2915000000011,141369.96,141340.99980000025
1347,946.75,946.0570000000004,236687.31,236522.46409999987
1350,550.48,550.550800000001,137620.1,137664.53869999986
1351,235.25,235.47680000000003,58812.56,58963.366499999946
1352,546.35,546.3262999999996,136586.64,136592.68020000006
1361,777.66,777.3365000000014,194413.77,194324.39999999967
1362,590.57,590.3483,147643.05,147587.82430000018
1366,462.96,463.0744999999993,115740.67,115799.82889999988
1367,886.69,886.8645000000004,221672.61,221700.7422999997
1369,1342.82,1342.425400000002,335703.88,335606.8652999998
1370,1941.44,1940.4893000000013,485360.12,484978.4905999994
1373,229.36,229.0095000000002,57338.93,57248.908399999986
1375,1504.05,1502.4441999999995,376013.13,375466.4326000002
1376,112.33,119.31989999999996,28081.37,29864.396200000047
1379,1657.45,1657.347400000001,414361.7,414438.8901000002
1381,908.92,908.5460999999995,227229.23,227107.7596000002
1383,716.2,715.7074999999991,179050.52,178886.2894999998
1384,1423.27,1422.9688000000003,355817.32,355756.08160000003
1385,572.16,571.7248000000009,143040.02,142962.30709999983
1386,1455.78,1456.6838999999995,363944.22,364224.4309999997
1388,574.7,574.7099999999995,143674.52,143744.73849999977
1390,508.12,508.1304000000005,127029.36,127021.11259999989
1392,1018.09,1017.9088999999985,254522.67,254474.15470000036
1393,1268.95,1270.4543000000015,317238.2,317713.2040999999
1394,284.46,284.5202999999998,71114.13,71108.58299999993
1396,1968.96,1970.0742000000007,492238.88,492245.0709000004
1399,2451.07,2446.010700000004,612767.1,613558.4536000007
1402,492.04,491.91840000000053,123009.58,122970.00550000004
1403,1488.28,1493.1530000000012,372069.45,373300.1290000001
1407,1179.77,1180.1279000000004,294943.16,295157.06590000005
1408,653.47,653.2543000000004,163367.82,163261.4456000001
1409,839.53,839.4162999999999,209883.64,209859.7925000002
1410,991.0,990.5056000000009,247749.54,247710.5576999999
1411,1025.71,1025.0709000000006,256427.5,256235.5938
1414,940.69,940.877800000001,235171.46,235228.10520000034
1415,979.14,979.1760000000008,244785.79,244777.31479999985
1416,1258.65,1258.3601999999983,314662.1,314616.7541000004
1417,596.98,596.8799000000006,149244.61,149201.52929999988
1418,386.01,385.9563999999998,96501.49,96460.02790000015
1421,922.3,922.140600000001,230574.0,230499.84529999993
1422,738.96,739.6578999999998,184740.09,184879.18530000016
1423,398.73,399.5812,99682.36,99786.71650000004
1424,1337.73,1338.149,334431.26,334558.75920000055
1425,1149.23,1149.3186999999998,287308.5,287364.89819999994
1428,970.35,969.7400000000011,242586.54,242423.9547999996
1430,737.68,737.3523999999996,184419.35,184337.23040000003
1431,533.91,534.2739000000006,133476.57,133491.50280000005
1432,561.79,562.298300000001,140448.34,140576.40889999992
1434,1414.33,1413.8570000000009,353583.64,353441.94080000016
1436,1129.59,1128.7196999999985,282397.75,282189.98439999996
1438,742.01,742.0320999999999,185503.48,185497.84460000027
1440,1277.76,1278.2401999999993,319439.69,319492.1725000004
1445,1345.39,1344.4736999999996,336347.72,336161.45169999974
1447,434.95,434.95069999999987,108738.47,108748.17480000002
1449,687.8,688.1280000000006,171950.77,172015.5215999998
1451,861.25,861.3612999999999,215311.73,215330.7895000002
1452,420.46,420.3821999999995,105113.95,105113.43099999998
1453,1628.27,1628.2753999999998,407068.01,407015.87080000015
1454,521.49,521.3512,130371.49,130339.53020000014
1456,524.03,523.5013999999995,131008.37,130926.16679999998
1458,905.62,905.8140999999999,226405.6,226425.86950000018
1459,1502.33,1502.5761999999993,375582.45,375484.41190000006
1460,551.88,551.8456999999996,137969.72,137951.01950000014
1463,675.15,675.171500000001,168787.52,168790.8606999998
1464,525.88,526.1763999999996,131468.77,131517.2445999998
1465,266.33,266.22400000000044,66582.93,66573.83839999995
1466,975.46,975.8658000000015,243865.54,243971.92069999967
1467,1099.54,1098.0148000000008,274885.55,274553.9284999999
1472,321.07,321.25209999999987,80266.97,80331.52229999995
1474,307.39,306.31030000000044,76847.11,76603.72740000003
1475,914.41,914.8990999999992,228602.93,228802.87439999997
1476,1339.99,1340.3640000000014,334996.94,335080.7281000004
1479,623.0,622.6715999999999,155748.98,155689.9939000002
1480,1097.88,1097.5592000000006,274470.65,274443.4281999996
1481,1116.6,1116.6400000000015,279150.87,279140.5774000001
1485,1042.98,1042.6424999999995,260745.49,260672.82980000024
1486,352.77,352.2663,88192.33,88050.62030000002
1492,443.79,444.0595000000005,110946.39,111022.94990000004
1493,814.11,814.0315000000004,203526.37,203582.73079999984
1494,1136.09,1136.0300999999993,284023.58,283991.3994999997
1497,2190.57,2180.491200000002,547641.96,546003.3014000003
1498,260.83,260.95400000000046,65207.89,65229.80949999993
1499,739.44,739.2772000000001,184860.63,184816.0402000002
1500,1209.47,1211.3948999999993,302366.67,302751.0625000002
1501,2094.18,2084.464400000001,523546.05,521383.3361
1503,151.81,151.11999999999998,37952.16,37748.51959999996
1504,421.99,421.82720000000006,105498.64,105393.41470000002
1505,1294.78,1297.0630999999996,323694.05,324002.2326999999
1506,1056.81,1056.372999999999,264203.67,264095.73100000055
1508,1097.06,1097.1845999999991,274265.95,274326.19949999964
1509,408.85,408.8661999999996,102213.69,102209.78980000004
1510,1229.46,1229.4493000000025,307365.52,307542.2265999999
1512,857.89,857.6682999999995,214472.34,214411.8531999998
1513,1392.6,1391.9586000000013,348150.71,348089.3051000005
1518,536.0,535.4691999999997,133999.59,133844.60139999993
1519,689.15,689.2199,172288.6,172361.09089999984
1521,907.76,907.7829,226940.65,226933.00710000016
1522,168.89,170.93749999999977,42222.22,42699.92930000008
1525,834.13,834.2927000000003,208531.91,208572.10790000015
1527,947.09,946.1900000000009,236771.94,236740.90049999987
1530,461.59,462.4579999999994,115398.7,115548.09289999992
1535,475.2,475.0587999999994,118798.93,118764.5863999999
1541,1261.49,1261.3812000000014,315372.91,315376.85850000003
1542,1005.66,1005.7028000000017,251414.42,251484.9473000002
1544,1077.23,1077.2169000000001,269307.76,269281.0497000003
1545,986.98,986.7847,246744.92,246722.07240000035
1546,556.48,556.6985000000009,139120.13,139147.2392000002
1547,287.79,287.67240000000044,71946.42,71901.72859999999
1548,295.35,295.5777999999998,73837.51,73966.2851999999
1549,726.58,726.8573999999994,181644.17,181736.31470000008
1550,530.62,530.6846000000006,132653.82,132650.81380000018
1553,1003.15,1003.3378999999987,250786.86,250856.7821999998
1557,920.46,920.7638000000003,230114.43,230223.67369999978
1561,386.44,385.9862999999998,96610.91,96464.28500000009
1565,688.84,688.981099999999,172209.31,172264.24630000006
1566,1542.91,1543.2635000000012,385726.39,385835.34080000053
1569,2078.59,2083.886699999998,519647.97,520500.7287999996
1570,1013.31,1014.1042999999987,253326.54,253486.69310000015
1573,1174.39,1175.2584999999997,293597.23,293772.80600000033
1574,966.61,966.4353000000006,241653.15,241681.05139999994
1576,938.84,939.7299000000004,234710.12,235135.7164000001
1577,802.22,801.986200000001,200554.99,200549.04159999997
1580,690.36,689.5793999999999,172589.02,172309.35499999992
1586,1420.8,1421.0387000000007,355199.77,355250.26899999985
1588,820.1,820.1782,205025.43,205043.30769999992
1589,320.74,321.1182000000005,80185.21,80236.48229999999
1592,551.08,550.9928000000009,137771.04,137773.5305999998
1593,1898.87,1889.1766999999998,474718.71,471929.26960000047
1595,764.17,764.362699999999,191041.97,191068.79749999996
1602,1269.46,1270.1135000000017,317364.94,317610.45680000016
1603,703.33,703.5095000000006,175831.54,175838.4641999997
1604,1310.67,1310.4522999999995,327666.93,327634.1903999999
1609,676.33,675.4832000000014,169083.58,168902.2625
1613,1272.14,1272.2659000000006,318035.86,318218.3455999998
1614,540.71,540.8357999999994,135176.29,135192.94159999985
1615,323.12,322.8522999999998,80779.82,80710.18589999998
1618,1772.54,1772.3436999999994,443134.75,443005.15550000005
1623,897.16,896.3781000000012,224290.93,224081.48770000003
1624,962.75,962.7726000000001,240686.86,240722.96619999976
1625,1531.32,1530.3686000000025,382830.5,382602.23730000004
1626,1731.28,1729.2625999999989,432819.7,432168.8750000003
1629,1185.8,1186.5907000000004,296448.76,296499.77840000024
1630,1260.49,1261.0420000000017,315122.2,315218.5764999997
1633,1149.26,1149.3324999999998,287315.47,287304.6976999998
1634,433.99,433.8858,108498.06,108460.34170000002
1635,889.38,889.6558000000003,222344.0,222435.18960000007
1637,550.22,550.5644000000004,137554.66,137699.52990000005
1639,1171.21,1171.2821000000017,292801.98,292864.33850000036
1641,1035.65,1036.2164999999989,258912.16,259064.49630000012
1642,890.82,890.6184000000011,222704.39,222661.69350000028
1644,358.4,358.3404000000003,89600.22,89569.10760000003
1646,396.84,398.89619999999996,99210.95,99708.73190000013
1648,1101.34,1101.4328999999989,275334.37,275396.8862000002
1649,309.45,309.56000000000046,77361.63,77354.13719999998
1651,1000.91,1000.9847000000013,250227.34,250286.15609999988
1653,1611.25,1612.9447000000007,402812.06,403068.66289999994
1654,1328.55,1328.9914999999992,332137.56,332445.49000000005
1655,1021.88,1021.8802000000007,255470.74,255461.15169999978
1657,1293.1,1293.7100000000016,323276.2,323401.9086999997
1658,433.3,433.3314000000001,108326.16,108332.31730000008
1663,806.61,806.5418000000004,201653.05,201612.67030000026
1671,917.64,918.0011999999997,229410.34,229472.3158999998
1672,597.95,597.7544999999994,149486.6,149401.61829999983
1681,532.12,531.7845000000008,133029.12,132930.24529999983
1682,1966.92,1968.4163000000021,491730.55,492092.2718
1683,1017.39,1017.9459999999993,254347.11,254448.36879999976
1685,679.46,679.6523,169865.88,169937.29460000023
1687,531.09,530.8935999999995,132772.84,132741.28550000003
1688,503.51,504.31749999999994,125877.14,126118.62150000007
1689,1009.73,1009.365,252433.0,252324.96219999992
1690,1042.42,1040.8056999999988,260605.43,260166.25830000016
1691,1359.91,1360.100000000002,339977.6,340054.4818000004
1699,544.41,544.4750000000003,136103.54,136111.7694
1704,379.08,378.8259000000005,94769.28,94724.10359999997
1705,620.17,619.1250000000003,155041.45,154859.4194999999
1707,1049.14,1049.1074999999996,262284.76,262276.9749000005
1708,1126.83,1126.466400000001,281708.05,281594.5854000002
1712,957.93,958.2894999999993,239483.69,239521.88270000025
1714,1849.4,1850.1366999999984,462350.64,462621.3952000005
1716,563.33,563.4201000000008,140832.3,140850.52660000022
1718,2119.36,2112.757399999997,529838.88,528609.4232000003
1722,571.84,572.2487000000006,142960.34,143180.65549999985
1724,595.46,595.1341999999996,148865.84,148782.8049
1728,749.59,749.2456999999989,187396.52,187369.9104999997
1729,1421.51,1421.772699999999,355377.04,355473.43429999956
1733,1109.61,1110.0018000000005,277401.93,277484.4089999999
1737,523.09,522.0312999999999,130773.13,130564.72780000001
1739,752.85,752.7672000000001,188212.32,188181.0868000001
1744,594.6,594.0841999999996,148650.32,148557.33290000007
1745,1098.28,1098.1188,274569.34,274468.86899999983
1747,772.57,772.2440000000005,193143.48,193055.96110000022
1748,1210.6,1212.5374999999997,302649.38,303082.0283000002
1749,297.15,296.13080000000014,74288.42,74054.14479999998
1751,270.04,270.5165000000004,67508.85,67600.37589999994
1752,1858.92,1856.8335000000025,464729.24,463918.89140000014
1754,191.88,191.6828999999999,47968.99,47882.40690000008
1760,1445.04,1444.5972999999983,361259.01,361232.9163000004
1761,534.38,534.6164999999995,133594.04,133624.9724999998
1767,685.31,685.4342999999997,171326.84,171374.44909999994
1771,1020.9,1020.939099999999,255225.83,255254.14889999962
1772,968.02,968.2855000000006,242006.1,241998.7486000001
1774,1306.91,1309.8936000000008,326728.68,327303.5183000003
1775,857.31,857.5189999999991,214326.27,214352.72079999975
1776,234.63,235.14840000000007,58657.33,58742.60350000003
1780,1938.4,1938.058999999998,484599.58,485428.05469999905
1781,1183.48,1183.3659999999993,295869.04,295805.64659999975
1782,1019.39,1020.1179,254847.63,255062.4335000001
1788,802.21,801.9608000000011,200551.58,200546.13199999993
1789,659.29,658.7492000000005,164823.72,164689.28020000018
1790,1527.2,1527.6616000000001,381798.79,381982.69029999955
1791,679.98,679.8475000000009,169995.97,169962.8460000002
1793,522.95,522.5039999999997,130737.13,130653.34890000011
1796,742.81,742.6530999999995,185703.39,185590.1809000003
1800,1373.5,1373.1586000000002,343375.71,343428.3952000005
1801,551.92,551.8674999999994,137980.49,137938.53890000016
1802,407.9,408.0111000000007,101974.05,101995.8708
1804,1275.3,1275.1485000000018,318824.03,318781.2108000002
1806,419.47,419.5898000000002,104866.81,104906.49220000002
1807,217.39,220.12610000000015,54346.95,54992.9545
1808,1435.33,1434.4073999999991,358831.77,358697.95209999994
1809,1080.94,1080.7387,270235.5,270169.8251000001
1811,1444.43,1444.1584999999986,361107.03,361175.8923000002
1812,148.81,148.2594999999999,37203.5,37105.227799999986
1813,562.87,563.2461000000008,140716.33,140807.50630000012
1816,717.68,715.6180999999996,179419.93,178917.5373999999
1819,2338.53,2334.2871999999993,584632.85,589414.9688000008
1822,1450.53,1450.3626999999992,362632.41,362582.74110000004
1824,487.91,487.7568000000007,121978.59,121956.24419999994
1825,1027.75,1024.576,256936.83,256103.4081
1827,1636.89,1636.0995000000019,409223.37,409010.29159999976
1830,959.21,958.7417999999993,239802.37,239721.96250000026
1831,126.69,128.6465,31673.11,32219.929099999987
1834,1082.53,1082.6222,270633.26,270641.41820000013
1835,1146.31,1145.872999999999,286578.11,286466.1617999997
1846,376.26,376.3814999999997,94065.28,94083.96539999997
1849,472.86,473.30330000000004,118215.53,118360.05909999997
1850,790.33,789.9655000000012,197581.46,197505.39460000038
1859,444.27,444.3602999999996,111067.07,111068.07030000011
1860,314.55,313.97970000000026,78638.5,78598.65130000001
1862,903.39,903.7203999999994,225848.33,225911.17019999985
1866,1136.96,1136.8719000000015,284239.02,284222.9091999998
1868,1574.93,1573.9182999999973,393733.44,393383.5405000002
1870,1024.45,1024.4610999999986,256112.5,256106.96550000002
1871,784.54,784.4329999999998,196136.07,196117.86410000012
1874,1329.71,1329.9866000000015,332427.78,332303.5080000003
1878,985.42,985.2128000000002,246354.38,246339.13369999983
1879,404.23,403.9194000000001,101057.36,101022.88740000002
1880,480.0,479.92710000000005,120001.0,119998.90280000001
1881,1470.62,1470.189399999999,367654.0,367384.9465999998
1882,993.25,994.2208000000005,248312.96,248626.4589999998
1885,763.27,764.4768999999992,190818.11,191006.0120999999
1887,894.57,894.8800000000009,223643.48,223668.58670000022
1888,221.59,222.25990000000024,55396.49,55569.166200000036
1889,267.64,267.7217999999998,66910.57,66926.11260000004
1890,1466.19,1466.0639000000008,366547.04,366714.41859999945
1893,1014.67,1015.5418999999988,253667.03,253893.08440000023
1894,920.65,920.7926000000001,230162.34,230151.38429999995
1895,1119.95,1119.9600999999984,279988.47,279989.6045999999
1899,177.79,178.40700000000027,44448.48,44580.0261
1900,1449.14,1449.2815000000003,362284.94,362453.11530000024
1902,1394.79,1393.5730999999982,348696.41,348338.6780000001
1903,914.81,915.5873999999993,228702.04,228905.34579999998
1911,1568.71,1568.904300000001,392177.46,392171.4156000004
1917,480.01,479.96830000000017,120003.46,120029.05910000017
1919,1297.27,1297.1778000000006,324318.06,324314.02589999954
1920,520.94,520.7074000000002,130234.11,130118.85809999992
1922,1150.75,1150.6825999999999,287687.51,287676.5222000004
1923,239.61,240.07110000000014,59901.76,60067.40499999996
1925,751.29,751.8999000000005,187822.91,187970.67940000005
1926,879.75,879.8839999999997,219936.59,219954.09879999995
1929,378.19,378.2220999999998,94546.67,94561.51359999996
1930,984.47,984.3527000000008,246117.55,246121.92190000028
1932,996.75,996.7841000000006,249186.97,249194.53579999972
1933,783.79,783.8380999999995,195946.32,195964.73620000004
1934,766.23,766.2168000000004,191558.23,191535.7831000001
1936,802.32,802.2661000000012,200578.91,200576.48880000005
1938,184.14,183.70899999999975,46035.58,45948.43630000004
1939,936.82,938.5071000000006,234204.08,234820.79600000006
1942,2080.7,2078.354500000001,520174.71,519842.8350000003
1943,1848.69,1849.100100000001,462172.68,462206.71090000006
1945,1419.0,1420.2433,354750.65,355102.20989999955
1952,505.14,505.34309999999937,126285.56,126342.99370000005
1953,474.78,474.8515999999994,118695.0,118714.5468
1955,698.72,699.5108000000004,174680.05,174824.16360000017
1956,1094.88,1095.5446000000009,273719.11,273834.8903999997
1961,658.97,658.9656000000002,164742.57,164567.06040000007
1964,282.84,283.4514000000002,70709.94,70870.47620000005
1965,840.63,840.1640000000003,210158.21,210051.6687000004
1966,564.04,564.0576000000009,141011.11,141028.31810000006
1969,452.44,453.4327000000004,113109.4,113363.75160000002
1973,1116.26,1116.7496999999996,279063.97,279182.4629999999
1978,214.9,215.87200000000018,53724.37,53894.166600000055
1982,1068.23,1068.5088999999994,267058.72,267168.7577999998
1984,1885.15,1883.9375999999988,471287.93,470254.95230000064
1985,956.68,956.5226999999991,239170.04,239131.74239999973
1986,1001.17,1000.8447999999995,250293.13,250229.67359999995
1989,1630.98,1631.6819000000003,407745.78,408029.12580000004
1991,1221.2,1221.6189999999995,305299.91,305492.0645
1992,1020.98,1021.0608999999997,255246.12,255298.0438
1994,1398.89,1398.4509999999998,349723.29,349525.61039999954
1995,1684.45,1684.1351999999997,421113.11,421067.1039999996
1997,735.69,735.9040999999994,183922.64,183964.1724000002
2002,1628.98,1630.2041000000004,407243.81,407235.86369999987
2003,238.77,238.82770000000016,59691.71,59749.41359999996
2005,682.5,682.2252999999998,170623.75,170580.7926
2010,587.68,588.5883000000001,146920.59,147091.12479999996
2011,564.72,564.6620000000007,141178.83,141129.8561000001
2012,864.46,866.4526000000002,216113.85,216619.1652
2015,405.58,405.0751000000007,101395.72,101301.45370000004
2016,851.23,851.1050999999987,212806.93,212781.6615999998
2018,614.45,614.3582999999998,153612.6,153613.35909999989
2022,130.81,131.18779999999992,32702.09,32870.689899999976
2025,968.69,968.6409000000011,242172.49,242163.8162999998
2029,842.64,842.9126000000001,210659.03,210741.46189999997
2031,1135.57,1135.847900000002,283893.05,283932.0836000003
2033,267.84,267.6989000000001,66960.46,66926.4929
2034,603.12,604.0231000000003,150780.73,150951.2074000003
2035,448.67,447.99229999999915,112168.03,112006.99839999988
2037,647.43,647.4935,161857.08,161879.93640000004
2038,856.6,857.1415999999997,214149.85,214286.72249999997
2039,1187.06,1187.022399999999,296764.87,296717.0610999999
2040,1216.26,1215.723799999999,304066.13,304130.37779999996
2042,321.78,321.3862999999997,80446.07,80329.02690000008
2043,727.65,727.8367000000004,181912.15,181954.89130000013
2046,1501.98,1502.3758000000003,375494.73,375482.30540000007
2047,682.07,681.8906,170516.95,170476.2708999998
2051,1296.23,1296.537999999999,324057.12,324124.11610000016
2052,1388.27,1389.6043999999997,347068.66,347442.89720000006
2054,574.38,574.8219000000001,143595.04,143737.04759999987
2056,1031.64,1032.7069999999994,257909.74,258154.7583999998
2058,435.4,434.88389999999976,108849.18,108745.23210000005
2059,784.34,784.2930999999986,196083.98,196057.66130000015
2060,788.25,788.3907,197063.74,197137.5843
2065,1158.73,1158.8980999999994,289682.66,289755.4365000002
2066,2056.82,2054.804100000002,514204.91,514343.9647999996
2067,606.83,606.5983000000007,151707.78,151642.41879999993
2074,447.39,446.89279999999957,111846.37,111757.18159999987
2076,335.97,336.46509999999967,83992.98,84114.35699999992
2077,836.51,836.4133999999992,209127.49,209098.7473999999
2079,1287.6,1288.4020000000016,321900.04,322212.53849999973
2083,1316.21,1315.1445000000015,329052.17,328733.68370000063
2086,552.15,551.9402000000006,138037.39,137979.06200000015
2087,913.42,914.2643999999987,228354.32,228566.13800000012
2090,1440.54,1441.0151999999987,360134.34,360291.86760000006
2092,233.13,233.0588999999999,58283.48,58248.95060000007
2093,437.6,437.3468999999995,109399.41,109338.79620000004
2094,568.47,568.5574000000006,142118.6,142110.0534999999
2098,1113.88,1113.9578000000008,278469.93,278546.3803999998
2105,946.24,945.9618000000006,236559.21,236453.5159000003
2107,678.94,680.5880000000003,169735.2,170093.14440000002
2109,226.18,226.4377000000003,56546.05,56645.98849999994
2112,834.94,834.3343000000002,208736.18,208659.0312000001
2116,1086.47,1086.8466000000003,271617.01,271734.3213000004
2117,313.83,313.38990000000047,78456.34,78403.75849999994
2118,376.85,377.1426999999995,94213.54,94285.11949999994
2122,758.37,758.6852000000002,189592.97,189636.73099999994
2123,512.8,512.8321000000008,128201.11,128157.58019999991
2127,884.23,884.1074999999994,221057.54,221099.3455999998
2128,921.97,921.9296000000005,230493.42,230397.97870000024
2129,1820.42,1820.4323000000015,455103.82,455067.49890000036
2134,1281.53,1281.0350999999998,320382.52,320366.0244999999
2135,1103.22,1103.1785,275804.02,275757.6435000001
2138,781.6,781.6056000000004,195401.04,195420.3431999995
2140,923.79,924.4439999999989,230948.69,231055.12630000006
2141,987.93,987.3660999999984,246982.8,246912.52450000026
2142,1595.91,1601.1016000000018,398977.52,400411.7879000001
2146,1724.59,1725.810799999998,431146.52,431399.9373000003
2150,1224.71,1223.9817000000023,306176.74,306063.54879999947
2151,357.79,358.5294000000003,89446.37,89570.37720000005
2156,410.34,410.13379999999967,102584.56,102522.53739999999
2157,894.02,894.2975000000005,223505.06,223551.04629999993
2159,356.39,356.71349999999967,89097.62,89157.44150000006
2160,410.7,410.5507999999999,102676.11,102646.4388
2162,1381.88,1382.6082000000006,345470.6,345678.92850000056
2164,1927.79,1931.7161000000008,481948.08,483271.34949999896
2165,283.91,284.2093000000001,70978.56,71038.20609999992
2166,1163.26,1163.3684999999982,290813.8,290846.55560000025
2169,625.61,625.2137000000002,156403.31,156285.27070000014
2170,316.83,317.6964000000005,79207.78,79469.72600000001
2171,866.29,866.6678999999995,216571.91,216605.58260000008
2172,1257.15,1257.9986999999985,314288.59,314517.97959999996
2173,1504.3,1503.0232999999996,376074.75,375733.7384000001
2175,728.76,728.5392000000003,182189.91,182119.28060000006
2177,853.2,853.5939999999989,213300.87,213408.9227999999
2179,578.67,577.0751999999998,144666.74,144299.87909999996
2182,959.26,959.0180999999991,239815.35,239762.99260000023
2183,703.45,703.4102999999992,175862.94,175871.00289999988
2185,212.22,210.90659999999986,53054.69,52649.99899999996
2186,776.19,776.1780000000009,194048.7,193999.7814999997
2190,1362.07,1361.9689000000026,340518.23,340473.71410000033
2191,652.4,653.6145999999998,163100.15,163468.1079
2195,636.36,636.2109000000003,159089.28,158977.4891999998
2196,376.11,376.1611999999997,94028.62,93991.42749999998
2197,997.76,997.7104000000005,249440.26,249433.7443999999
2198,491.52,491.1374999999996,122879.16,122825.10080000007
2200,843.84,844.0457999999988,210960.28,210996.6413
2204,560.09,560.5827999999995,140021.93,140123.7628999999
2205,1650.73,1655.1641999999995,412681.52,413761.56119999976
2208,327.42,328.00169999999986,81854.61,81951.60560000001
2209,861.36,861.0708000000004,215341.07,215318.1138000001
2210,740.45,740.1280999999991,185111.67,185034.3227000001
2214,421.97,421.5974000000003,105493.64,105418.39940000005
2215,1240.51,1239.2498999999991,310128.57,309654.1787999998
2218,346.25,344.5104999999998,86562.04,86104.27079999993
2220,1571.84,1571.005999999998,392959.92,392830.20970000065
2223,923.04,922.5581000000005,230759.8,230587.53819999995
2227,500.75,499.78520000000003,125186.92,124973.69749999995
2229,207.7,207.74960000000013,51925.76,51908.64619999989
2230,1124.41,1124.1843000000017,281102.54,281024.9449999996
2232,355.19,356.03839999999974,88797.2,89018.73540000005
2233,1460.76,1460.6910999999993,365189.3,365201.0830000003
2237,827.84,828.3536999999985,206958.76,207012.85510000016
2239,1279.82,1279.9660000000008,319953.8,319775.2961000002
2241,1278.55,1278.6088000000016,319636.57,319803.7119000002
2243,173.98,173.51919999999976,43494.99,43291.866900000095
2244,800.44,800.709500000001,200110.35,200211.56409999996
2245,700.34,700.3535999999989,175084.99,175048.69280000008
2246,2725.04,2589.9004000000027,681260.11,648639.9802000001
2248,636.23,636.4640000000011,159057.01,159164.63349999988
2249,488.13,488.13249999999965,122032.61,121998.39069999989
2250,181.15,181.43049999999997,45287.57,45357.456199999986
2251,1969.37,1973.2810000000006,492342.95,492567.4381999999
2252,1451.88,1450.767300000001,362968.82,362780.31710000016
2253,455.3,455.4432000000005,113825.58,113850.13580000002
2260,784.49,784.4618,196121.68,196138.6009999999
2261,1474.27,1471.961,368567.41,367997.31019999983
2267,886.04,886.597299999999,221509.29,221662.7206999996
2268,306.65,306.3586000000005,76662.29,76599.6758
2272,1431.34,1432.2428999999981,357835.41,358075.3588999999
2274,964.74,964.5629000000008,241186.13,241071.2681999999
2276,493.97,494.33190000000036,123493.06,123583.65470000003
2277,1097.26,1097.453899999999,274315.31,274360.7973999997
2279,854.1,853.9404000000001,213525.26,213519.5590000001
2282,689.04,689.4503,172258.94,172312.03429999988
2284,391.76,390.83719999999977,97939.32,97668.8220000001
2286,1040.23,1040.7269999999999,260058.05,260225.15320000026
2287,1254.99,1254.2173999999998,313747.96,313602.0157000002
2288,1152.32,1151.0795000000007,288079.5,287681.5528000001
2290,446.92,446.9291999999994,111730.79,111704.72469999989
2292,260.9,260.84350000000023,65225.74,65247.72980000006
2296,1167.62,1167.569599999999,291903.96,291978.96180000046
2297,1158.55,1158.5822000000014,289637.12,289611.7722000001
2299,1459.87,1459.820999999999,364968.51,365047.3916000002
2300,328.03,328.1085999999996,82008.57,82000.50200000007
2301,1040.13,1040.6877999999997,260031.52,260179.90860000014
2305,880.43,880.441999999999,220106.69,220127.67490000022
2306,609.61,610.0184000000003,152402.89,152407.73940000014
2307,781.07,781.4563000000002,195268.73,195386.87629999965
2311,861.37,861.1728999999997,215341.43,215310.07779999994
2315,308.49,308.22250000000054,77123.74,77085.41490000009
2316,732.57,733.1675000000007,183142.36,183280.86189999987
2317,1344.36,1344.4048,336090.5,336106.1980000001
2318,287.19,287.26179999999977,71798.22,71794.82289999996
2323,420.2,420.3045999999998,105049.41,105057.97260000007
2326,834.73,834.7261000000004,208682.23,208685.13080000028
2327,808.04,807.7718,202009.01,201934.53479999996
2332,544.26,544.4677000000004,136065.77,136074.00909999985
2333,1079.11,1079.3641000000007,269777.63,269867.8146999998
2336,413.62,413.71289999999993,103406.16,103402.33940000008
2338,1123.48,1123.2163000000003,280870.3,280830.4574000002
2339,559.35,558.9425,139836.72,139771.00619999997
2342,295.48,295.8256999999999,73871.16,73973.20450000004
2346,900.86,900.8673999999991,225215.57,225320.44410000005
2347,788.94,788.7756000000008,197235.19,197220.5829000001
2348,1695.23,1695.2547000000009,423806.73,423877.7896999996
2351,582.72,582.7372000000005,145680.35,145674.9465999998
2353,920.28,920.7142999999996,230069.99,230142.62099999984
2354,631.24,632.5000999999996,157810.35,158131.48579999988
2355,714.73,714.7999000000002,178683.64,178703.4993000001
2356,172.55,172.21939999999984,43138.27,43071.66750000002
2358,1459.06,1460.2523000000003,364764.69,364975.13330000004
2361,1188.02,1187.6712999999988,297005.03,296837.84089999995
2362,266.28,266.4886999999998,66569.77,66615.9194999999
2363,1621.8,1621.0586000000008,405449.32,404945.34839999967
2365,901.16,902.1631999999994,225289.02,225624.30120000013
2368,824.44,824.5536000000002,206110.23,206075.67579999994
2370,890.43,890.2669999999994,222606.75,222599.3740000001
2371,508.06,508.0332999999996,127015.35,127046.57389999984
2373,437.4,437.39870000000025,109348.97,109337.32760000003
2375,903.43,903.3936999999985,225857.46,225876.05060000037
2376,1155.32,1155.2686000000022,288829.6,288888.4619000003
2377,584.27,584.4095000000001,146067.18,146233.20749999993
2379,1096.35,1096.4876000000006,274087.78,274105.76009999996
2381,470.65,470.8393000000005,117662.64,117739.42520000003
2383,1758.43,1759.6097999999965,439607.28,440070.9014000004
2390,305.49,305.8895000000005,76373.5,76553.954
2391,1236.81,1237.151299999999,309203.56,309304.4550999996
2392,756.25,756.2148000000001,189062.82,189081.54340000014
2394,1183.04,1183.4426999999996,295759.69,295922.1392999999
2395,1489.6,1492.019700000002,372401.01,373051.5805000003
2396,1201.48,1202.7323,300369.5,300653.1426000001
2398,330.18,329.4906999999996,82544.75,82296.46130000004
2400,474.56,474.6994999999998,118641.13,118675.49040000013
2402,1501.66,1502.0891000000017,375414.8,375330.7476000002
2404,1643.93,1638.5609000000018,410983.25,409987.32509999967
2407,1293.89,1294.8823000000004,323471.44,323918.73910000006
2412,510.69,510.7782000000005,127671.46,127648.6499000002
2415,763.93,764.287899999999,190983.43,191027.72909999988
2416,1186.34,1186.9103999999982,296583.94,296633.4472000002
2418,957.06,957.1433999999989,239264.01,239289.96980000025
2424,253.23,253.48499999999976,63308.47,63384.080399999984
2425,590.65,590.2807000000005,147661.32,147625.18380000012
2426,985.36,985.2771000000008,246339.29,246324.61769999965
2428,266.08,266.1914000000003,66519.36,66547.06980000004
2430,819.06,818.9995999999988,204765.28,204771.1348
2434,2234.92,2236.838200000001,558731.02,561835.0157000006
2439,801.33,801.3384000000012,200332.15,200352.79469999994
2444,983.35,983.4313000000011,245836.49,245828.4395999998
2446,374.72,375.4034000000001,93678.75,93917.75790000001
2447,1157.71,1157.602400000002,289427.57,289440.14140000014
2448,1661.56,1661.4842999999987,415390.54,415344.9694999995
2449,323.5,323.75649999999985,80876.0,80913.58590000002
2450,1668.3,1667.5619999999988,417074.45,416502.49459999957
2452,519.56,520.9393000000002,129889.98,130159.77650000017
2453,1771.83,1769.8540999999975,442957.23,442323.90489999956
2454,1139.21,1138.6368000000018,284803.27,284732.3846999997
2458,2057.63,2060.1387000000013,514407.85,515356.9236000002
2459,876.36,876.3788000000003,219090.56,219098.0951999998
2461,709.5,711.9804999999998,177374.26,177941.7621000001
2463,1412.58,1412.3884,353145.7,353144.0293999998
2464,420.94,420.72969999999987,105234.94,105178.27850000006
2466,961.31,961.2931999999995,240328.39,240332.29360000027
2468,1467.94,1468.5330999999996,366985.59,367173.3442999997
2469,2156.58,2167.056299999996,539143.83,541656.2777999995
2470,1737.51,1740.2388000000012,434378.74,434827.65150000004
2471,200.97,200.17929999999996,50242.07,50037.26090000001
2473,736.42,736.8390999999991,184105.73,184220.01420000024
2474,357.46,357.4825,89365.93,89396.89650000008
2478,153.44,151.31340000000003,38359.63,37837.82139999994
2479,197.3,197.2072999999998,49325.39,49315.09090000002
2480,632.67,633.2842999999992,158167.93,158338.44059999994
2482,145.75,146.81740000000002,36437.36,36643.78009999997
2483,1095.52,1095.7653000000007,273879.52,273906.45179999975
2484,843.48,843.4705,210871.12,210886.13919999992
2485,2035.97,2027.7085,508991.26,506921.4274000002
2491,415.42,415.2047999999993,103855.97,103809.08940000007
2493,1189.63,1189.2896000000003,297407.36,297226.04559999966
2494,1623.1,1623.022300000002,405776.23,405758.96239999984
2495,883.87,882.9437999999993,220968.43,220727.3438999999
2496,152.84,149.50589999999985,38209.07,37574.442299999995
2497,444.75,444.8732,111186.85,111243.1772999999
2499,1136.64,1136.5495,284159.6,284156.69920000015
2504,424.22,425.0008000000005,106055.96,106241.22590000009
2507,1644.48,1642.3393000000015,411120.9,410486.17899999954
2508,1977.69,1977.025400000001,494421.41,494379.7406999994
2511,456.79,456.5085000000006,114198.63,114147.1972000001
2512,817.89,818.1703999999995,204471.28,204561.5995999999
2513,1246.12,1246.5254999999986,311529.79,311570.33709999966
2514,1035.83,1036.5794999999994,258956.78,259165.89059999996
2519,568.94,568.8769000000007,142236.14,142255.11150000003
2520,740.38,740.5911999999996,185095.83,185055.2131000001
2521,997.26,996.9700999999992,249314.36,249249.81029999978
2523,527.02,526.8331999999992,131754.4,131682.98840000012
2524,432.79,432.95380000000034,108197.19,108253.17679999997
2525,258.29,258.57720000000046,64572.76,64655.90659999987
2526,417.56,417.68539999999996,104389.08,104450.85330000002
2528,973.52,973.7973000000011,243378.85,243434.83900000024
2529,1367.84,1367.5134999999989,341959.55,341843.6428000003
2530,902.68,902.7135999999986,225670.63,225733.79090000002
2531,668.46,668.3402999999995,167114.28,167028.60919999974
2534,186.66,186.6964999999999,46663.89,46513.065100000014
2536,399.67,399.4744999999996,99917.24,99793.10740000011
2540,747.72,747.5468000000004,186930.09,186869.56959999987
2541,704.96,704.5990999999998,176239.12,176155.43769999975
2543,1392.11,1392.0452999999998,348027.66,348012.4742000002
2545,940.53,940.6592999999995,235133.25,235196.1244
2546,2122.8,2113.9671999999982,530700.75,527614.2294
2547,538.95,539.4877999999994,134737.97,134867.70700000014
2550,1271.36,1271.3478000000014,317840.75,317871.36999999976
2555,404.79,404.47100000000023,101196.72,101176.5907
2556,550.48,550.7815000000008,137620.94,137651.99819999997
2559,1967.57,1969.7627000000027,491892.53,492334.3100000005
2566,370.42,369.4704999999995,92604.11,92380.37860000008
2572,833.24,833.8760000000007,208308.93,208506.06339999996
2577,377.89,377.80979999999977,94472.08,94458.77200000003
2580,1005.67,1005.1814000000004,251416.97,251287.6146
2582,562.27,562.4538000000007,140566.32,140603.665
2586,1497.81,1498.7430999999997,374452.45,374438.6832000004
2587,228.13,228.2658000000001,57033.7,57073.44500000007
2588,752.33,752.260500000001,188083.43,188114.52369999982
2591,159.8,157.74389999999977,39949.95,39365.12430000004
2593,745.72,745.7705000000007,186430.14,186441.56510000024
2594,1144.43,1144.4712999999986,286107.75,286124.1979999999
2595,221.98,222.7725000000002,55495.56,55748.40700000002
2597,647.24,647.7544999999998,161809.51,161973.91009999992
2598,1715.44,1716.6058999999984,428860.27,429185.3276000001
2599,878.89,879.3783999999994,219721.82,219811.72610000015
2600,1122.77,1123.0038000000009,280693.34,280764.0436
2601,383.03,383.52549999999974,95757.62,95955.52230000004
2604,530.39,530.4772999999998,132598.48,132620.8608000002
2605,894.79,894.6485999999991,223697.2,223685.64739999973
2607,356.89,357.1873999999997,89223.73,89290.56260000016
2609,1238.83,1238.7013000000006,309707.01,309770.57190000033
2610,1889.22,1887.8244000000004,472305.81,471450.57360000047
2611,766.41,766.0830000000013,191602.49,191505.94819999996
2613,1794.48,1794.7639000000022,448621.19,448536.6766000001
2616,547.82,547.2775999999999,136953.91,136841.25830000004
2617,587.89,588.281,146971.66,147116.16490000003
2620,1359.2,1360.574000000002,339800.44,340126.4023000005
2621,1049.86,1049.6401000000003,262465.39,262428.0946000003
2624,489.64,489.30899999999986,122408.96,122327.2165000001
2625,1578.81,1576.514099999998,394701.38,394099.3031999999
2626,2262.55,2273.080499999998,565636.49,570197.2858000003
2627,426.14,426.2769999999998,106534.19,106553.5658
2630,203.69,203.72339999999986,50922.25,51010.048099999985
2632,1749.02,1748.8657999999994,437255.46,437150.2148000005
2633,658.14,658.1898999999999,164534.21,164529.01270000022
2636,267.44,267.5101999999998,66860.7,66891.90620000008
2642,724.76,725.1369999999998,181189.5,181279.7154
2644,172.95,173.10760000000013,43236.73,43281.04080000003
2646,955.26,955.5200999999995,238813.92,238867.95750000034
2648,611.15,610.8830000000005,152787.28,152712.13049999985
2649,1609.31,1612.9056000000005,402327.97,403597.5035999998
2656,1246.64,1246.5381999999997,311659.43,311729.5030000001
2658,384.93,385.31910000000005,96231.4,96360.79880000014
2661,726.7,726.8159999999995,181675.67,181730.5994000001
2662,1721.93,1723.7738999999972,430483.11,431077.0182999999
2664,135.98,135.2863999999998,33993.81,33824.04940000002
2665,1049.33,1049.407500000001,262331.28,262309.3640000003
2667,887.2,887.1290999999993,221800.28,221761.7905999998
2668,228.53,227.35490000000001,57131.65,56810.433200000014
2669,649.7,649.0958999999991,162424.03,162304.52789999978
2671,1212.87,1212.881299999999,303218.59,303312.88210000005
2673,947.82,947.1387000000012,236953.95,236782.89129999976
2675,1269.25,1270.0597000000007,317313.36,317546.6952999998
2676,1070.69,1070.4434000000008,267671.85,267619.19240000023
2677,689.89,689.8793999999996,172472.26,172482.3810999999
2679,299.8,300.13050000000004,74950.68,74996.02209999997
2681,1611.3,1612.6191999999999,402825.56,403264.5798999998
2684,507.7,507.84719999999936,126925.7,126923.46309999983
2686,427.65,427.13580000000053,106912.68,106820.60439999994
2687,436.1,435.8485999999994,109024.95,109004.35529999998
2688,1317.77,1316.8375000000008,329442.32,329251.36480000016
2690,785.71,785.7679,196426.93,196421.91159999996
2692,1076.44,1076.5139000000006,269110.37,269184.13330000016
2696,721.51,723.0684,180377.05,180742.0321000002
2698,207.21,207.22999999999973,51802.67,51823.939599999925
2699,197.02,197.22730000000013,49255.92,49350.447299999985
2703,1151.05,1150.8690000000015,287763.47,287658.6787999998
2709,412.79,413.0491000000004,103196.73,103273.6969000002
2710,392.2,390.9758999999999,98050.97,97730.88060000006
2711,1499.44,1500.1656000000016,374861.21,375060.7147000004
2712,464.18,464.1435999999999,116044.42,116004.82509999996
2713,235.54,235.6058000000004,58884.01,58909.22929999991
2714,470.79,471.2025000000005,117696.96,117788.09090000011
2716,1287.83,1288.9428000000012,321957.29,322380.6844999997
2719,616.27,616.5041999999993,154068.56,153982.30579999994
2720,1688.59,1689.112699999998,422147.37,422485.87399999966
2724,1046.62,1045.904299999999,261655.26,261427.69050000038
2726,928.01,927.6936999999992,232002.77,231920.72589999982
2728,818.54,819.1173999999992,204635.22,204782.6896
2730,408.61,408.5602000000002,102153.51,102121.76339999994
2732,987.11,986.8046000000005,246776.78,246790.93390000018
2733,1005.88,1005.3894000000006,251468.91,251347.15120000008
2734,144.8,145.09939999999983,36199.92,36378.70299999996
2736,1161.12,1160.6965999999989,290279.74,290248.5823999997
2737,412.68,413.34199999999987,103169.65,103282.71970000012
2740,1238.78,1238.9805999999994,309696.22,309756.8087999997
2741,464.42,464.3045999999992,116105.37,116037.90629999986
2744,495.27,495.1529999999995,123816.99,123812.21890000008
2746,1021.33,1021.0896000000007,255332.46,255309.46660000042
2747,782.63,782.6800000000002,195657.62,195682.6180999998
2749,429.85,430.75960000000015,107463.7,107687.51589999987
2752,1247.02,1246.6782000000003,311754.62,311691.5595000001
2753,1401.12,1399.3735999999992,350279.01,349799.7446000002
2754,746.88,746.9588999999997,186719.36,186708.80809999988
2756,663.8,664.3825000000006,165948.85,166126.5736999998
2758,1696.14,1696.6106000000007,424035.82,423874.09130000003
2759,1295.95,1297.9732999999992,323986.6,324417.28790000017
2760,980.13,980.629900000001,245033.06,245138.54869999972
2764,875.46,875.255200000001,218864.31,218893.5110999999
2767,1157.79,1157.6065000000021,289448.34,289406.43730000017
2770,1053.17,1053.518499999999,263293.25,263318.21830000007
2771,1180.36,1180.4653000000005,295088.89,295044.21220000024
2774,342.66,342.3363999999999,85665.02,85588.77939999982
2775,497.86,498.1423000000005,124465.52,124554.32239999983
2776,1036.59,1037.6974999999998,259148.15,259326.20239999995
2778,1141.91,1141.9455000000014,285478.52,285487.64529999974
2779,848.32,848.0815000000008,212079.89,212033.42650000006
2784,290.69,290.1611000000004,72672.4,72520.58810000001
2788,1850.98,1850.3213000000019,462745.46,462478.98120000056
2791,1222.99,1222.8937000000021,305746.47,305739.2520999996
2793,1241.51,1241.2220999999984,310377.53,310329.6173000003
2797,908.46,908.0725000000009,227114.86,227073.1606999999
2798,1087.78,1087.4426999999994,271946.07,271933.5501000001
2799,1374.52,1373.5807000000004,343629.92,343485.38520000025
2800,248.71,249.73820000000012,62178.6,62409.851200000056
2806,1020.51,1020.7650999999992,255128.46,255174.12460000042
2807,671.81,671.8770999999995,167952.12,167998.59119999968
2810,858.31,857.6302999999991,214576.33,214497.27709999977
2812,1122.9,1122.976700000001,280725.89,280815.82359999995
2813,2498.57,2458.2579000000037,624643.34,612250.5588000012
2815,960.22,960.2866000000005,240055.55,239989.03080000033
2816,393.0,391.81789999999995,98248.75,97868.49360000007
2820,964.64,964.6714999999998,241159.79,241151.78179999956
2822,2330.49,2334.7328999999986,582622.82,584713.6630000003
2823,284.29,284.47200000000043,71071.62,71133.61820000006
2831,576.72,576.1594999999999,144180.8,144019.34249999985
2832,348.92,349.2832999999993,87229.64,87391.7619999999
2833,684.87,684.3414,171217.46,171140.94680000015
2835,642.27,642.7426999999991,160567.93,160598.85439999987
2836,1411.49,1411.6125000000015,352872.66,352948.80950000003
2837,473.63,473.5967999999995,118407.17,118424.21680000001
2838,227.08,226.80870000000039,56770.95,56682.55400000006
2839,861.96,861.3585,215489.52,215300.71249999997
2840,966.14,965.5902999999997,241534.22,241420.19329999975
2841,463.68,463.8064999999999,115919.62,115924.98349999989
2844,1344.95,1344.6463999999992,336237.96,336096.57980000036
2846,903.89,903.6751999999992,225973.02,225918.63619999978
2849,614.55,615.1026000000005,153637.45,153758.14849999984
2851,360.92,361.0714999999995,90230.03,90204.16310000005
2854,1145.76,1145.8673999999994,286439.54,286449.60899999965
2857,525.15,526.0279999999998,131287.8,131434.45569999996
2858,593.61,593.9887000000002,148401.93,148448.58599999992
2859,723.9,724.9971,180973.97,181279.79780000012
2860,494.64,494.53119999999967,123660.94,123634.27779999998
2861,694.31,695.0416999999999,173576.77,173764.72599999988
2867,1806.51,1809.9786000000013,451626.78,451789.1798000005
2869,410.53,410.43119999999954,102631.79,102580.04549999993
2870,672.26,672.1697000000001,168065.52,168062.6340999998
2871,1328.67,1329.215299999999,332166.96,332287.93590000016
2873,1668.58,1666.392699999998,417145.55,416579.5299999997
2874,749.49,749.5406999999999,187372.81,187398.5542
2875,690.99,689.7889,172746.89,172383.65479999993
2876,771.29,771.3301000000001,192823.57,192858.34950000013
2877,653.99,653.9765999999996,163497.96,163527.75280000022
2878,706.05,705.3318000000008,176511.26,176308.8436
2880,653.14,653.4881999999997,163285.93,163348.78099999993
2881,378.82,378.4950999999999,94704.84,94627.04729999989
2882,1136.58,1136.328,284143.87,284089.97520000004
2885,563.39,563.4312,140847.57,140831.19920000018
2887,836.03,835.9158999999995,209008.48,208996.72950000028
2888,445.39,445.4106999999997,111346.61,111320.547
2895,360.61,360.5138000000002,90153.66,90149.6848000001
2900,493.12,493.5029000000006,123280.87,123335.84949999987
2904,1528.54,1528.5980999999995,382134.11,382192.2048999997
2906,1356.6,1356.2524000000021,339150.04,339121.8565999994
2907,416.27,416.7601999999993,104067.63,104202.34390000007
2908,1274.41,1274.638200000002,318602.83,318584.56979999953
2912,704.06,703.8022999999994,176015.29,175943.3208999997
2913,805.76,805.6928000000004,201441.18,201416.9128000002
2916,821.46,820.7151999999998,205365.91,205162.36130000008
2917,1132.46,1132.8726000000001,283114.34,283233.22049999976
2923,312.0,312.49810000000014,78000.52,78130.83129999985
2924,586.13,587.7712000000001,146532.24,146986.99349999998
2925,955.23,955.6501,238807.14,238885.92410000032
2927,760.22,759.9072000000008,190054.2,190041.5087999997
2929,784.34,784.2976999999988,196085.87,196080.5968999999
2930,522.69,522.0625000000001,130672.51,130547.18259999994
2934,1020.98,1021.1332999999998,255244.85,255267.48009999993
2937,805.05,805.4192000000013,201261.44,201362.2058000002
2939,459.13,458.81529999999947,114782.14,114696.97730000004
2942,1529.12,1529.0233999999991,382280.56,382371.4995999998
2943,1639.69,1639.0680000000016,409921.97,409703.85999999964
2944,1566.33,1566.4144999999992,391581.3,391614.1947999999
2945,506.59,506.2961999999989,126647.43,126661.64969999983
2946,667.9,668.0629000000005,166973.78,166934.41109999976
2947,1657.14,1658.3528000000015,414285.0,414624.2736
2948,728.26,728.0457000000004,182065.74,182006.50710000005
2950,1654.54,1656.2350999999994,413634.8,414068.60549999995
2952,257.74,257.70240000000035,64435.38,64435.60639999993
2953,242.12,241.84150000000002,60530.69,60466.68180000004
2954,280.63,280.1550000000002,70157.05,70065.00229999993
2955,688.18,688.5115999999997,172043.99,172130.22670000006
2956,809.34,809.229299999999,202334.1,202323.38949999993
2960,1068.03,1068.4174999999989,267008.55,267129.8829000003
2961,1744.16,1743.6482000000021,436038.91,435877.69229999953
2962,337.0,336.60849999999994,84249.42,84183.90699999995
2966,1282.78,1280.610500000001,320695.97,320340.9552
2968,1391.4,1391.9341999999992,347850.61,347990.6525000002
2969,1942.42,1941.1605000000027,485603.76,485858.8520999998
2970,875.52,875.0558000000003,218880.94,218906.8918999999
2971,154.8,153.40919999999983,38699.06,38344.71700000002
2973,378.14,378.0920999999996,94534.55,94527.29879999993
2974,1460.08,1460.2156999999993,365019.76,365191.20450000005
2975,1126.51,1126.5305000000008,281628.63,281579.9987
2976,344.18,342.6566999999998,86044.67,85649.40509999984
2980,1103.28,1103.0948999999998,275820.24,275776.5461999997
2981,1191.67,1190.250599999999,297918.18,297512.9177999999
2984,902.27,902.9470999999996,225566.3,225771.7695000003
2985,1188.32,1187.233999999999,297080.45,296731.1564999999
2986,1232.32,1231.9638000000025,308080.7,307905.6297999996
2987,388.15,386.9707000000003,97038.72,96759.96510000007
2990,1461.64,1461.0117000000007,365408.8,365245.5942000001
2994,431.99,432.6231,107997.52,108118.89239999985
2997,1513.83,1515.361999999999,378458.39,378817.0695000003
